name,name_en,scientific_name,common_names,family,category,habitat_types,water_types,depth_range_min,depth_range_max,temperature_range_min,temperature_range_max,geographic_zones,countries,fao_zones,average_size_cm,max_size_cm,average_weight_kg,max_weight_kg,rarity,icon_url,photo_url,description,fishbase_id,gbif_id
Poisson lézard,Atlantic lizardfish,Synodus saurus,,Synodontidae,,,"{""salt""}",,,,,,,,,,,,,https://upload.wikimedia.org/wikipedia/commons/thumb/d/d6/Synodus_saurus_Karpathos.JPG/120px-Synodus_saurus_Karpathos.JPG,https://upload.wikimedia.org/wikipedia/commons/thumb/d/d6/Synodus_saurus_Karpathos.JPG/120px-Synodus_saurus_Karpathos.JPG,Le poisson-lézard rayé ou poisson-lézard de l'Atlantique (Synodus saurus) est une espèce de poissons téléostéens de la famille des Synodontidae.,,5212655
Congre,Conger,Conger conger,,Congridae,,,"{""salt""}",,,,,,,,,,,,,https://upload.wikimedia.org/wikipedia/commons/thumb/9/93/Conger_eel01.jpg/120px-Conger_eel01.jpg,https://upload.wikimedia.org/wikipedia/commons/thumb/9/93/Conger_eel01.jpg/120px-Conger_eel01.jpg,Conger conger,,2403490
Murène commune,Black Moray,Muraena helena,,Muraenidae,,,"{""salt""}",,,,,,,,,,,,,https://upload.wikimedia.org/wikipedia/commons/thumb/5/5e/EL32p.jpg/120px-EL32p.jpg,https://upload.wikimedia.org/wikipedia/commons/thumb/5/5e/EL32p.jpg/120px-EL32p.jpg,Muraena helena,,2404329
Murène brune,Brown moray,Gymnothorax unicolor,,Muraenidae,,,"{""salt""}",,,,,,,,,,,,,https://upload.wikimedia.org/wikipedia/commons/thumb/8/87/Gymnothorax_unicolor.jpg/120px-Gymnothorax_unicolor.jpg,https://upload.wikimedia.org/wikipedia/commons/thumb/8/87/Gymnothorax_unicolor.jpg/120px-Gymnothorax_unicolor.jpg,Murène brune,,2404113
Anguille des profondeurs,Eel,Ophisurus serpens,,Ophichthidae,,,"{""salt""}",,,,,,,,,,,,,https://upload.wikimedia.org/wikipedia/commons/thumb/8/85/Defaut.svg/120px-Defaut.svg.png,https://upload.wikimedia.org/wikipedia/commons/thumb/8/85/Defaut.svg/120px-Defaut.svg.png,"Anguille des profondeurs, Serpent de sable",,5961049
Sauclet,,Atherina hepsetus,,Atherinidae,,,"{""salt""}",,,,,,,,,,,,,https://upload.wikimedia.org/wikipedia/commons/thumb/8/85/Defaut.svg/120px-Defaut.svg.png,https://upload.wikimedia.org/wikipedia/commons/thumb/8/85/Defaut.svg/120px-Defaut.svg.png,"Atherina hepsetus, communément nommé en français Sauclet ou Athérine, est une espèce de poissons de la famille des Atherinidae. Son nom binominal vient du grec αθερί να εψητός atherí na ’epsêtós soit « frais à friture ».",,2411943
Prêtre,Atherine,Atherina presbyter,,Atherinidae,,,"{""salt""}",,,,,,,,,,,,,https://upload.wikimedia.org/wikipedia/commons/thumb/8/85/Defaut.svg/120px-Defaut.svg.png,https://upload.wikimedia.org/wikipedia/commons/thumb/8/85/Defaut.svg/120px-Defaut.svg.png,"Atherina presbyter est une espèce de poissons marins du genre Atherina, appelée prêtre, trogue (Arcachon), troyne, faux éperlan, petit curé, belek bihan, prêtro, petit prêtre, prêteau, rosette, roseré, grasdeau, grado, ou kanchua. À tort, Atherina presbyter est également appelé éperlan, mais aussi athérine ou joël, entrainant la confusion avec Atherina boyeri.",,2411945
Orphie,"Garfish, Garpike",Belone belone,,Belonidae,,,"{""salt""}",,,,,,,,,,,,,https://upload.wikimedia.org/wikipedia/commons/thumb/8/85/Defaut.svg/120px-Defaut.svg.png,https://upload.wikimedia.org/wikipedia/commons/thumb/8/85/Defaut.svg/120px-Defaut.svg.png,"Aiguillette, Aiguille de mer, Poisson cornu, Orphie",,2369178
Petite roussette,Dogfish,Scyliorhinus canicula,,Scyliorhinidae,,,"{""salt""}",,,,,,,,,,,,,https://upload.wikimedia.org/wikipedia/commons/thumb/f/f5/Roedhaj.jpg/120px-Roedhaj.jpg,https://upload.wikimedia.org/wikipedia/commons/thumb/f/f5/Roedhaj.jpg/120px-Roedhaj.jpg,Petite roussette,,2418684
Grande roussette,Bull Huss,Scyliorhinus stellaris,,Scyliorhinidae,,,"{""salt""}",,,,,,,,,,,,,https://upload.wikimedia.org/wikipedia/commons/thumb/3/32/Katzenhai-01.jpg/120px-Katzenhai-01.jpg,https://upload.wikimedia.org/wikipedia/commons/thumb/3/32/Katzenhai-01.jpg/120px-Katzenhai-01.jpg,Grande roussette,,2418670
Emissole tachetée,,Mustelus asterias,,Triakidae,,,"{""salt""}",,,,,,,,,,,,,https://upload.wikimedia.org/wikipedia/commons/thumb/8/85/Defaut.svg/120px-Defaut.svg.png,https://upload.wikimedia.org/wikipedia/commons/thumb/8/85/Defaut.svg/120px-Defaut.svg.png,L'Émissole tachetée (Mustelus asterias) est une espèce de requins de la famille des Triakidae.,,2418315
Emissole lisse,Common Smoothhound,Mustelus mustelus,,Triakidae,,,"{""salt""}",,,,,,,,,,,,,https://upload.wikimedia.org/wikipedia/commons/thumb/d/de/Mustelus_mustelus.jpg/120px-Mustelus_mustelus.jpg,https://upload.wikimedia.org/wikipedia/commons/thumb/d/de/Mustelus_mustelus.jpg/120px-Mustelus_mustelus.jpg,"Mustelus mustelus, l'Émissole lisse,, est une espèce de requins de la famille des Triakidae.",,2418313
Grand requin-marteau,Great Hammerhead Shark,Sphyrna mokarran,,Sphyrnidae,,,"{""salt""}",,,,,,,,,,,,,https://upload.wikimedia.org/wikipedia/commons/thumb/9/99/Hammerhead_shark.jpg/120px-Hammerhead_shark.jpg,https://upload.wikimedia.org/wikipedia/commons/thumb/9/99/Hammerhead_shark.jpg/120px-Hammerhead_shark.jpg,Sphyrna mokarran,,2418792
Requin-marteau halicorne,Bronze hammerhead shark,Sphyrna lewini,,Sphyrnidae,,,"{""salt""}",,,,,,,,,,,,,https://upload.wikimedia.org/wikipedia/commons/thumb/9/9b/Sphyrna_lewini.jpg/120px-Sphyrna_lewini.jpg,https://upload.wikimedia.org/wikipedia/commons/thumb/9/9b/Sphyrna_lewini.jpg/120px-Sphyrna_lewini.jpg,Sphyrna lewini,,2418789
Requin-marteau lisse,Common Hammerhead,Sphyrna zygaena,,Sphyrnidae,,,"{""salt""}",,,,,,,,,,,,,https://upload.wikimedia.org/wikipedia/commons/thumb/a/a2/Sphyrna_zygaena_%28line_art%29.jpg/120px-Sphyrna_zygaena_%28line_art%29.jpg,https://upload.wikimedia.org/wikipedia/commons/thumb/a/a2/Sphyrna_zygaena_%28line_art%29.jpg/120px-Sphyrna_zygaena_%28line_art%29.jpg,Sphyrna zygaena,,2418794
Allache,Bang,Sardinella aurita,,Clupeidae,,,"{""salt""}",,,,,,,,,,,,,https://upload.wikimedia.org/wikipedia/commons/thumb/9/9c/Saaur_u0.gif/120px-Saaur_u0.gif,https://upload.wikimedia.org/wikipedia/commons/thumb/9/9c/Saaur_u0.gif/120px-Saaur_u0.gif,"Sardinella aurita, l'Allache, Sardinelle ronde ou encore yaboy au Sénégal, est une espèce de poissons de la famille des Dorosomatidae qui se rencontre de chaque côté de l'Atlantique, en Méditerranée, en mer Noire, dans le golfe du Mexique...",,2412864
Sardine,European pilchard,Sardina pilchardus,,Clupeidae,,,"{""salt""}",,,,,,,,,,,,,https://upload.wikimedia.org/wikipedia/commons/thumb/b/b1/Pacific_sardine002.jpg/120px-Pacific_sardine002.jpg,https://upload.wikimedia.org/wikipedia/commons/thumb/b/b1/Pacific_sardine002.jpg/120px-Pacific_sardine002.jpg,Sardina pilchardus,,2413224
Anchois,,Engraulis encrasicholus,,Engraulidae,,,"{""salt""}",,,,,,,,,,,,,https://upload.wikimedia.org/wikipedia/commons/thumb/2/2e/Engraulis_encrasicolus_Gervais.jpg/120px-Engraulis_encrasicolus_Gervais.jpg,https://upload.wikimedia.org/wikipedia/commons/thumb/2/2e/Engraulis_encrasicolus_Gervais.jpg/120px-Engraulis_encrasicolus_Gervais.jpg,"L'anchois commun (Engraulis encrasicolus) est une espèce de poissons marins appartenant à la famille des Engraulidae. Cet anchois est appelé aussi anchois européen, anchois de l'Afrique australe, anchois italien, etc. et souvent « anchois » tout court par simplification.",,2414037
Capelan de France,,Trisopterus minutus,,Gadidae,,,"{""salt""}",,,,,,,,,,,,,https://upload.wikimedia.org/wikipedia/commons/thumb/e/e9/Trisopterus_minutus_Gervais.jpg/120px-Trisopterus_minutus_Gervais.jpg,https://upload.wikimedia.org/wikipedia/commons/thumb/e/e9/Trisopterus_minutus_Gervais.jpg/120px-Trisopterus_minutus_Gervais.jpg,"Trisopterus minutus est une espèce de poissons marins de la famille des Gadidés, appelé capelin, capelan de l'Atlantique, capelan de Méditerranée, capelan de France ou petit tacaud.",,2415906
Tacaud,Bib,Trisopterus luscus,,Gadidae,,,"{""salt""}",,,,,,,,,,,,,https://upload.wikimedia.org/wikipedia/commons/thumb/d/d7/Trisopterus_luscus01.jpg/120px-Trisopterus_luscus01.jpg,https://upload.wikimedia.org/wikipedia/commons/thumb/d/d7/Trisopterus_luscus01.jpg/120px-Trisopterus_luscus01.jpg,"Tacaud, Tacaud commun",,2415916
Motelle de Méditerranée,Mediterranean rockling,Gaidropsarus mediterraneus,,Lotidae,,,"{""salt""}",,,,,,,,,,,,,https://upload.wikimedia.org/wikipedia/commons/thumb/8/85/Defaut.svg/120px-Defaut.svg.png,https://upload.wikimedia.org/wikipedia/commons/thumb/8/85/Defaut.svg/120px-Defaut.svg.png,"Gaidropsarus mediterraneus, communément appelée la Motelle de Méditerranée, est une espèce de poissons marins de la famille des Gadidae ou des Lotidae selon les classifications.",,2415550
Merlu,Cornish Salmon,Merluccius merluccius,,Merlucciidae,,,"{""salt""}",,,,,,,,,,,,,https://upload.wikimedia.org/wikipedia/commons/thumb/0/01/Merluccius_merluccius.002_-_Aquarium_Finisterrae.JPG/120px-Merluccius_merluccius.002_-_Aquarium_Finisterrae.JPG,https://upload.wikimedia.org/wikipedia/commons/thumb/0/01/Merluccius_merluccius.002_-_Aquarium_Finisterrae.JPG/120px-Merluccius_merluccius.002_-_Aquarium_Finisterrae.JPG,Merluccius merluccius,,2415643
Mostelle,Fork-beard,Phycis phycis,,Phycidae,,,"{""salt""}",,,,,,,,,,,,,https://upload.wikimedia.org/wikipedia/commons/thumb/6/65/Phycis_phycis.jpg/120px-Phycis_phycis.jpg,https://upload.wikimedia.org/wikipedia/commons/thumb/6/65/Phycis_phycis.jpg/120px-Phycis_phycis.jpg,Phycis phycis,,5214915
Lépadogaster,Cornish Sucker,Lepadogaster lepadogaster,,Gobiesocidae,,,"{""salt""}",,,,,,,,,,,,,https://upload.wikimedia.org/wikipedia/commons/thumb/8/85/Defaut.svg/120px-Defaut.svg.png,https://upload.wikimedia.org/wikipedia/commons/thumb/8/85/Defaut.svg/120px-Defaut.svg.png,,,2411397
Lépadogaster de Candolle,Conemara clingfish,Lepadogaster candolii,,Gobiesocidae,,,"{""salt""}",,,,,,,,,,,,,https://upload.wikimedia.org/wikipedia/commons/thumb/c/c9/Lepadogaster_candollii_04-02-06_DSCF8726.jpg/120px-Lepadogaster_candollii_04-02-06_DSCF8726.jpg,https://upload.wikimedia.org/wikipedia/commons/thumb/c/c9/Lepadogaster_candollii_04-02-06_DSCF8726.jpg/120px-Lepadogaster_candollii_04-02-06_DSCF8726.jpg,"Le lépadogastère de Candolle (Lepadogaster candolii), est une espèce de poissons marins appartenant à la famille des Gobiesocidae.",,2411424
Gouanie,Blunt-snouted clingfish,Gouania willdenowi,,Gobiesocidae,,,"{""salt""}",,,,,,,,,,,,,https://upload.wikimedia.org/wikipedia/commons/thumb/8/85/Defaut.svg/120px-Defaut.svg.png,https://upload.wikimedia.org/wikipedia/commons/thumb/8/85/Defaut.svg/120px-Defaut.svg.png,,,5214476
Porte-écuelle à deux taches,Two spotted clingfish,Diplecogaster bimaculata,,Gobiesocidae,,,"{""salt""}",,,,,,,,,,,,,https://upload.wikimedia.org/wikipedia/commons/thumb/3/32/Diplecogaster_bimaculata_%28dorsal%29.jpg/120px-Diplecogaster_bimaculata_%28dorsal%29.jpg,https://upload.wikimedia.org/wikipedia/commons/thumb/3/32/Diplecogaster_bimaculata_%28dorsal%29.jpg/120px-Diplecogaster_bimaculata_%28dorsal%29.jpg,,,4284472
Porte-écuelle à petite tête,Small-headed Clingfish,Apletodon dentatus,,Gobiesocidae,,,"{""salt""}",,,,,,,,,,,,,https://upload.wikimedia.org/wikipedia/commons/thumb/8/85/Defaut.svg/120px-Defaut.svg.png,https://upload.wikimedia.org/wikipedia/commons/thumb/8/85/Defaut.svg/120px-Defaut.svg.png,,,4284477
Requin pèlerin,Basking Shark,Cetorhinus maximus,,Cetorhinidae,,,"{""salt""}",,,,,,,,,,,,,https://upload.wikimedia.org/wikipedia/commons/thumb/0/0a/Basking_Shark.jpg/120px-Basking_Shark.jpg,https://upload.wikimedia.org/wikipedia/commons/thumb/0/0a/Basking_Shark.jpg/120px-Basking_Shark.jpg,Cetorhinus maximus,,2420726
Grand requin blanc,Great White Shark,Carcharodon carcharias,,Lamnidae,,,"{""salt""}",,,,,,,,,,,,,https://upload.wikimedia.org/wikipedia/commons/thumb/5/56/White_shark.jpg/120px-White_shark.jpg,https://upload.wikimedia.org/wikipedia/commons/thumb/5/56/White_shark.jpg/120px-White_shark.jpg,Carcharodon carcharias,,2420694
Requin mako,Atlantic mako,Isurus oxyrinchus,,Lamnidae,,,"{""salt""}",,,,,,,,,,,,,https://upload.wikimedia.org/wikipedia/commons/thumb/e/e3/Isurus-oxyrinchus.jpg/120px-Isurus-oxyrinchus.jpg,https://upload.wikimedia.org/wikipedia/commons/thumb/e/e3/Isurus-oxyrinchus.jpg/120px-Isurus-oxyrinchus.jpg,Isurus oxyrinchus,,5216248
Requin renard à gros yeux,Big-eye shark,Alopias superciliosus,,Alopiidae,,,"{""salt""}",,,,,,,,,,,,,https://upload.wikimedia.org/wikipedia/commons/thumb/8/85/Defaut.svg/120px-Defaut.svg.png,https://upload.wikimedia.org/wikipedia/commons/thumb/8/85/Defaut.svg/120px-Defaut.svg.png,Le requin-renard à gros yeux ou renard de mer à gros yeux (Alopias superciliosus) est une espèce de requins de la famille des Alopiidae.,,2420813
Requin renard commun,Atlantic Thresher,Alopias vulpinus,,Alopiidae,,,"{""salt""}",,,,,,,,,,,,,https://upload.wikimedia.org/wikipedia/commons/thumb/1/18/Thresher_shark.jpg/120px-Thresher_shark.jpg,https://upload.wikimedia.org/wikipedia/commons/thumb/1/18/Thresher_shark.jpg/120px-Thresher_shark.jpg,,,2420797
Requin taupe commun,(common) Atlantic mackerel shark,Lamna nasus,,Lamnidae,,,"{""salt""}",,,,,,,,,,,,,https://upload.wikimedia.org/wikipedia/commons/thumb/7/76/Lanas_u0.gif/120px-Lanas_u0.gif,https://upload.wikimedia.org/wikipedia/commons/thumb/7/76/Lanas_u0.gif/120px-Lanas_u0.gif,Lamna nasus,,5216239
Requin féroce,Blue nurse shark,Odontaspis ferox,,Odontaspididae,,,"{""salt""}",,,,,,,,,,,,,https://upload.wikimedia.org/wikipedia/commons/thumb/9/99/Odontaspis_ferox_%28Smalltooth_sand_tiger%29.gif/120px-Odontaspis_ferox_%28Smalltooth_sand_tiger%29.gif,https://upload.wikimedia.org/wikipedia/commons/thumb/9/99/Odontaspis_ferox_%28Smalltooth_sand_tiger%29.gif/120px-Odontaspis_ferox_%28Smalltooth_sand_tiger%29.gif,"Le requin féroce (Odontaspis ferox) est une espèce de requin de la famille des Odontaspididae, qui vit jusqu'à 1 000 mètres de fond et peut atteindre cinq mètres de long. Il est nommé « féroce » à cause de sa denture proéminente et menaçante, mais ne semble pas agressif envers l'être humain - qu'il a de toute manière peu de chances de rencontrer vu sa profondeur habituelle.",,2420764
Requin taureau,Blue Nurse Shark,Carcharias taurus,,Odontaspididae,,,"{""salt""}",,,,,,,,,,,,,https://upload.wikimedia.org/wikipedia/commons/thumb/7/76/Grey_Nurse_Shark_at_Fish_Rock_Cave%2C_NSW.jpg/120px-Grey_Nurse_Shark_at_Fish_Rock_Cave%2C_NSW.jpg,https://upload.wikimedia.org/wikipedia/commons/thumb/7/76/Grey_Nurse_Shark_at_Fish_Rock_Cave%2C_NSW.jpg/120px-Grey_Nurse_Shark_at_Fish_Rock_Cave%2C_NSW.jpg,Requin-taureau,,2420766
Trachyptère ventru,Scalloped ribbonfish,Zu cristatus,,Trachipteridae,,,"{""salt""}",,,,,,,,,,,,,https://upload.wikimedia.org/wikipedia/commons/thumb/8/85/Defaut.svg/120px-Defaut.svg.png,https://upload.wikimedia.org/wikipedia/commons/thumb/8/85/Defaut.svg/120px-Defaut.svg.png,,,2400533
Baudroie,Angler,Lophius piscatorius,,Lophiidae,,,"{""salt""}",,,,,,,,,,,,,https://upload.wikimedia.org/wikipedia/commons/thumb/0/02/Marulk%2C_Nordisk_familjebok.png/120px-Marulk%2C_Nordisk_familjebok.png,https://upload.wikimedia.org/wikipedia/commons/thumb/0/02/Marulk%2C_Nordisk_familjebok.png/120px-Marulk%2C_Nordisk_familjebok.png,Lophius piscatorius,,2415075
Fierasfer,Pearl fish,Carapus acus,,Carapidae,,,"{""salt""}",,,,,,,,,,,,,https://upload.wikimedia.org/wikipedia/commons/thumb/8/85/Defaut.svg/120px-Defaut.svg.png,https://upload.wikimedia.org/wikipedia/commons/thumb/8/85/Defaut.svg/120px-Defaut.svg.png,,,5203086
Donzelle,Cusk Eel,Ophidion barbatum,,Ophidiidae,,,"{""salt""}",,,,,,,,,,,,,https://upload.wikimedia.org/wikipedia/commons/thumb/8/85/Defaut.svg/120px-Defaut.svg.png,https://upload.wikimedia.org/wikipedia/commons/thumb/8/85/Defaut.svg/120px-Defaut.svg.png,,,5203025
Argentine,Argentine,Argentina sphyraena,,Argentinidae,,,"{""salt""}",,,,,,,,,,,,,https://upload.wikimedia.org/wikipedia/commons/thumb/8/85/Defaut.svg/120px-Defaut.svg.png,https://upload.wikimedia.org/wikipedia/commons/thumb/8/85/Defaut.svg/120px-Defaut.svg.png,,,5214448
Cicerelle,Mediterranean sand eel,Gymnammodytes cicerelus,,Ammodytidae,,,"{""salt""}",,,,,,,,,,,,,https://upload.wikimedia.org/wikipedia/commons/thumb/8/85/Defaut.svg/120px-Defaut.svg.png,https://upload.wikimedia.org/wikipedia/commons/thumb/8/85/Defaut.svg/120px-Defaut.svg.png,,,2390002
Apogon,Cardinalfish,Apogon imberbis,,Apogonidae,,,"{""salt""}",,,,,,,,,,,,,https://upload.wikimedia.org/wikipedia/commons/thumb/c/c9/Apogon_imberbis_side.JPG/120px-Apogon_imberbis_side.JPG,https://upload.wikimedia.org/wikipedia/commons/thumb/c/c9/Apogon_imberbis_side.JPG/120px-Apogon_imberbis_side.JPG,"L'Apogon (Apogon imberbis), aussi appelé Castagnole rouge, Coq, Poisson-cardinal ou Roi des rougets est une espèce de poissons de la famille des Apogonidae.",,5211775
Blennie gattorugine,,Parablennius gattorugine,,Blenniidae,,,"{""salt""}",,,,,,,,,,,,,https://upload.wikimedia.org/wikipedia/commons/thumb/8/85/Defaut.svg/120px-Defaut.svg.png,https://upload.wikimedia.org/wikipedia/commons/thumb/8/85/Defaut.svg/120px-Defaut.svg.png,"Blennie gattorugine, Cabot, Baveuse, Grande baveuse",,2395767
Blennie palmicorne,Black Sea Blenny,Parablennius sanguinolentus,,Blenniidae,,,"{""salt""}",,,,,,,,,,,,,https://upload.wikimedia.org/wikipedia/commons/thumb/6/6c/Parablennius_sanguinolentus_30-07-07.jpg/120px-Parablennius_sanguinolentus_30-07-07.jpg,https://upload.wikimedia.org/wikipedia/commons/thumb/6/6c/Parablennius_sanguinolentus_30-07-07.jpg/120px-Parablennius_sanguinolentus_30-07-07.jpg,"Parablennius sanguinolentus, communément appelé Blennie palmicorne, est une espèce de poissons de la famille des Blenniidae qui se rencontre dans l'Atlantique Est, de l'embouchure de la Loire jusqu'aux côtes marocaines et également en Méditerranée et en mer Noire.",,2395803
Blennie de Roux,Long-stripped blenny,Parablennius rouxi,,Blenniidae,,,"{""salt""}",,,,,,,,,,,,,https://upload.wikimedia.org/wikipedia/commons/thumb/2/28/Parablennius_rouxi.JPG/120px-Parablennius_rouxi.JPG,https://upload.wikimedia.org/wikipedia/commons/thumb/2/28/Parablennius_rouxi.JPG/120px-Parablennius_rouxi.JPG,"Blennie de Roux, Baveuse blanche",,2395755
Blennie tentaculée,Tentacled blenny,Parablennius tentacularis,,Blenniidae,,,"{""salt""}",,,,,,,,,,,,,https://upload.wikimedia.org/wikipedia/commons/thumb/1/19/Parablennius_tentacularis_22-07-05_2.jpg/120px-Parablennius_tentacularis_22-07-05_2.jpg,https://upload.wikimedia.org/wikipedia/commons/thumb/1/19/Parablennius_tentacularis_22-07-05_2.jpg/120px-Parablennius_tentacularis_22-07-05_2.jpg,"Parablennius tentacularis (la Blennie tentaculée ou Blennie cornue) est une espèce de poissons de la famille des Blenniidae qui se rencontre dans l'Atlantique Est, des côtes du Portugal jusqu'à la celles de la Guinée mais également en Méditerranée (à l'exception des côtes syriennes, libanaises, israéliennes et égyptiennes), en mer de Marmara et en mer Noire.",,2395764
Blennie de zvonimiri,Red Blenny,Parablennius zvonimiri,,Blenniidae,,,"{""salt""}",,,,,,,,,,,,,https://upload.wikimedia.org/wikipedia/commons/thumb/2/29/Parablennius_zvonimiri_08-04-08_DSCF2468.jpg/120px-Parablennius_zvonimiri_08-04-08_DSCF2468.jpg,https://upload.wikimedia.org/wikipedia/commons/thumb/2/29/Parablennius_zvonimiri_08-04-08_DSCF2468.jpg/120px-Parablennius_zvonimiri_08-04-08_DSCF2468.jpg,Parablennius zvonimiri (nom vernaculaire : Blennie de Zvonimiri) est un poisson de la famille des Blenniidae,,2395748
Blennie paon,Peacock blenny,Salaria pavo,,Blenniidae,,,"{""salt""}",,,,,,,,,,,,,https://upload.wikimedia.org/wikipedia/commons/thumb/8/85/Defaut.svg/120px-Defaut.svg.png,https://upload.wikimedia.org/wikipedia/commons/thumb/8/85/Defaut.svg/120px-Defaut.svg.png,"La Blennie paon (Salaria pavo) est une espèce de poissons de la famille des Blenniidae qui se rencontre dans l'Atlantique Est, des côtes françaises jusqu'à celles du Maroc mais également en Méditerranée, en mer Noire et dans le canal de Suez.",,5211367
Blennie basilic,Basilisk blenny,Salaria basilisca,,Blenniidae,,,"{""salt""}",,,,,,,,,,,,,https://upload.wikimedia.org/wikipedia/commons/thumb/0/04/Salaria_basilisca.jpg/120px-Salaria_basilisca.jpg,https://upload.wikimedia.org/wikipedia/commons/thumb/0/04/Salaria_basilisca.jpg/120px-Salaria_basilisca.jpg,"Salaria basilisca, la blennie basilic, est une espèce de poissons de la famille des Blenniidae qui se rencontre en Méditerranée et dans l'Adriatique.",,5211365
Blennie à tête noire,blackheaded blenny,Lipophrys nigriceps,,Blenniidae,,,"{""salt""}",,,,,,,,,,,,,https://upload.wikimedia.org/wikipedia/commons/thumb/8/85/Defaut.svg/120px-Defaut.svg.png,https://upload.wikimedia.org/wikipedia/commons/thumb/8/85/Defaut.svg/120px-Defaut.svg.png,,,2395455
Blennie à joues jaunes,Caneva's blenny,Lipophrys canevae,,Blenniidae,,,"{""salt""}",,,,,,,,,,,,,https://upload.wikimedia.org/wikipedia/commons/thumb/8/86/Lipophrys_canevae_16-08-07_1.jpg/120px-Lipophrys_canevae_16-08-07_1.jpg,https://upload.wikimedia.org/wikipedia/commons/thumb/8/86/Lipophrys_canevae_16-08-07_1.jpg/120px-Lipophrys_canevae_16-08-07_1.jpg,,,2395472
Blennie ocellée,Butterfly Blenny,Blennius ocellaris,,Blenniidae,,,"{""salt""}",,,,,,,,,,,,,https://upload.wikimedia.org/wikipedia/commons/thumb/8/85/Defaut.svg/120px-Defaut.svg.png,https://upload.wikimedia.org/wikipedia/commons/thumb/8/85/Defaut.svg/120px-Defaut.svg.png,"Blennie ocellée, Blennie papillon",,2395359
Blennie coiffée,Montagu's Blenny,Coryphoblennius galerita,,Blenniidae,,,"{""salt""}",,,,,,,,,,,,,https://upload.wikimedia.org/wikipedia/commons/thumb/8/85/Defaut.svg/120px-Defaut.svg.png,https://upload.wikimedia.org/wikipedia/commons/thumb/8/85/Defaut.svg/120px-Defaut.svg.png,"La blennie coiffée, Coryphoblennius galerita, est une espèce de poissons marins appartenant à la famille des Blenniidae. Il s'agit de la seule espèce du genre Coryphoblennius.",,2395367
Blennie sphynx,,Aidablennius sphinx,,Blenniidae,,,"{""salt""}",,,,,,,,,,,,,https://upload.wikimedia.org/wikipedia/commons/thumb/7/7c/Blennius_sphinx_male.jpg/120px-Blennius_sphinx_male.jpg,https://upload.wikimedia.org/wikipedia/commons/thumb/7/7c/Blennius_sphinx_male.jpg/120px-Blennius_sphinx_male.jpg,,,2395597
Blennie dalmate,,Lipophrys dalmatinus,,Blenniidae,,,"{""salt""}",,,,,,,,,,,,,https://upload.wikimedia.org/wikipedia/commons/thumb/8/85/Defaut.svg/120px-Defaut.svg.png,https://upload.wikimedia.org/wikipedia/commons/thumb/8/85/Defaut.svg/120px-Defaut.svg.png,,,2395460
Blennie trigle,Trigloid blenny,Lipophrys trigloides,,Blenniidae,,,"{""salt""}",,,,,,,,,,,,,https://upload.wikimedia.org/wikipedia/commons/thumb/6/66/Blennie_trigle.jpg/120px-Blennie_trigle.jpg,https://upload.wikimedia.org/wikipedia/commons/thumb/6/66/Blennie_trigle.jpg/120px-Blennie_trigle.jpg,,,2395404
Grande castagnole,Angel,Brama brama,,Bramidae,,,"{""salt""}",,,,,,,,,,,,,https://upload.wikimedia.org/wikipedia/commons/thumb/8/85/Defaut.svg/120px-Defaut.svg.png,https://upload.wikimedia.org/wikipedia/commons/thumb/8/85/Defaut.svg/120px-Defaut.svg.png,Grande castagnole,,5208070
Dragonnet tacheté,Spotted Dragonet,Callionymus maculatus,,Callionymidae,,,"{""salt""}",,,,,,,,,,,,,https://upload.wikimedia.org/wikipedia/commons/thumb/8/85/Defaut.svg/120px-Defaut.svg.png,https://upload.wikimedia.org/wikipedia/commons/thumb/8/85/Defaut.svg/120px-Defaut.svg.png,Le dragonnet tacheté (Callionymus maculatus) est une espèce de poissons marins appartenant à la famille des Callionymidae.,,2386887
Dragonnet lyre,Common dragonet,Callionymus lyra,,Callionymidae,,,"{""salt""}",,,,,,,,,,,,,https://upload.wikimedia.org/wikipedia/commons/thumb/8/85/Defaut.svg/120px-Defaut.svg.png,https://upload.wikimedia.org/wikipedia/commons/thumb/8/85/Defaut.svg/120px-Defaut.svg.png,Le dragonnet lyre (Callionymus lyra) est une espèce de poissons marins appartenant à la famille des Callionymidae. En Normandie il peut être connu sous le nom de savary ou savarie.,,2386906
Callyonime élégant,Sailfin dragonet,Callionymus pusillus,,Callionymidae,,,"{""salt""}",,,,,,,,,,,,,https://upload.wikimedia.org/wikipedia/commons/thumb/d/d0/Callionymus_pusillus_maschio_Koufonissi.jpg/120px-Callionymus_pusillus_maschio_Koufonissi.jpg,https://upload.wikimedia.org/wikipedia/commons/thumb/d/d0/Callionymus_pusillus_maschio_Koufonissi.jpg/120px-Callionymus_pusillus_maschio_Koufonissi.jpg,,,2386864
Callyonime hélène,Risso’s dragonet,Callionymus risso,,Callionymidae,,,"{""salt""}",,,,,,,,,,,,,https://upload.wikimedia.org/wikipedia/commons/thumb/8/85/Defaut.svg/120px-Defaut.svg.png,https://upload.wikimedia.org/wikipedia/commons/thumb/8/85/Defaut.svg/120px-Defaut.svg.png,,,2386871
Chinchard méditerranéen,Black Sea Horse Mackerel,Trachurus mediterraneus,,Carangidae,,,"{""salt""}",,,,,,,,,,,,,https://upload.wikimedia.org/wikipedia/commons/thumb/2/23/Jurel_mediterr%C3%A1neo_%28Trachurus_mediterraneus%29.jpg/120px-Jurel_mediterr%C3%A1neo_%28Trachurus_mediterraneus%29.jpg,https://upload.wikimedia.org/wikipedia/commons/thumb/2/23/Jurel_mediterr%C3%A1neo_%28Trachurus_mediterraneus%29.jpg/120px-Jurel_mediterr%C3%A1neo_%28Trachurus_mediterraneus%29.jpg,"Trachurus mediterraneus, le chinchard méditerranéen ou chinchard à queue jaune, est une espèce de poissons marins de la famille des Carangidae.",,5210496
Chinchard,Atlantic Horse Mackerel,Trachurus trachurus,,Carangidae,,,"{""salt""}",,,,,,,,,,,,,https://upload.wikimedia.org/wikipedia/commons/thumb/4/49/Taggmakrill%2C_Nordisk_familjebok.png/120px-Taggmakrill%2C_Nordisk_familjebok.png,https://upload.wikimedia.org/wikipedia/commons/thumb/4/49/Taggmakrill%2C_Nordisk_familjebok.png/120px-Taggmakrill%2C_Nordisk_familjebok.png,Chinchard,,5210473
Sériole,Allied Kingfish,Seriola dumerili,,Carangidae,,,"{""salt""}",,,,,,,,,,,,,https://upload.wikimedia.org/wikipedia/commons/thumb/8/80/Seriola_rivoliana_by_NPS_1.jpg/120px-Seriola_rivoliana_by_NPS_1.jpg,https://upload.wikimedia.org/wikipedia/commons/thumb/8/80/Seriola_rivoliana_by_NPS_1.jpg/120px-Seriola_rivoliana_by_NPS_1.jpg,Seriola dumerili,,5961696
Liche glauque,Derbio,Trachinotus ovatus,,Carangidae,,,"{""salt""}",,,,,,,,,,,,,https://upload.wikimedia.org/wikipedia/commons/thumb/e/ea/Trachinotus_ovatus_Alonissos.jpg/120px-Trachinotus_ovatus_Alonissos.jpg,https://upload.wikimedia.org/wikipedia/commons/thumb/e/ea/Trachinotus_ovatus_Alonissos.jpg/120px-Trachinotus_ovatus_Alonissos.jpg,,,5210674
Liche amie,Leerfish,Lichia amia,,Carangidae,,,"{""salt""}",,,,,,,,,,,,,https://upload.wikimedia.org/wikipedia/commons/thumb/8/85/Defaut.svg/120px-Defaut.svg.png,https://upload.wikimedia.org/wikipedia/commons/thumb/8/85/Defaut.svg/120px-Defaut.svg.png,Lichia amia est une espèce de poissons de mer de la famille des Carangidae appelée Liche amie. C'est la seule espèce de son genre Lichia. Ce sont des poissons de grande taille (environ 1 m) présents sur les côtes françaises.,,2391092
Poisson pilote,,Naucrates ductor,,Carangidae,,,"{""salt""}",,,,,,,,,,,,,https://upload.wikimedia.org/wikipedia/commons/thumb/3/32/Carcharhinus_longimanus_1.jpg/120px-Carcharhinus_longimanus_1.jpg,https://upload.wikimedia.org/wikipedia/commons/thumb/3/32/Carcharhinus_longimanus_1.jpg/120px-Carcharhinus_longimanus_1.jpg,"Naucrates ductor, communément appelé Poisson-pilote, est une espèce de poissons de la famille des Carangidae qui se rencontre dans tous les océans du globe à une latitude comprise entre 62°N et 43°S. C'est la seule espèce de son genre Naucrates (monotypique).",,2391379
Mendole,Blotched picarel,Spicara maena,,Centracanthidae,,,"{""salt""}",,,,,,,,,,,,,https://upload.wikimedia.org/wikipedia/commons/thumb/8/85/Defaut.svg/120px-Defaut.svg.png,https://upload.wikimedia.org/wikipedia/commons/thumb/8/85/Defaut.svg/120px-Defaut.svg.png,,,2393205
Picarel,Deep-body Pickarel,Spicara smaris,,Centracanthidae,,,"{""salt""}",,,,,,,,,,,,,https://upload.wikimedia.org/wikipedia/commons/thumb/8/85/Defaut.svg/120px-Defaut.svg.png,https://upload.wikimedia.org/wikipedia/commons/thumb/8/85/Defaut.svg/120px-Defaut.svg.png,Spicara smaris,,2393236
Cépole,Red bandfish,Cepola macrophthalma,,Cepolidae (poissons),,,"{""salt""}",,,,,,,,,,,,,https://upload.wikimedia.org/wikipedia/commons/thumb/8/85/Defaut.svg/120px-Defaut.svg.png,https://upload.wikimedia.org/wikipedia/commons/thumb/8/85/Defaut.svg/120px-Defaut.svg.png,Cépole commune,,2379498
Cline argentée,Cline,Clinitrachus argentatus,,Clinidae,,,"{""salt""}",,,,,,,,,,,,,https://upload.wikimedia.org/wikipedia/commons/thumb/8/85/Defaut.svg/120px-Defaut.svg.png,https://upload.wikimedia.org/wikipedia/commons/thumb/8/85/Defaut.svg/120px-Defaut.svg.png,,,2380253
Coryphène,Common Dolphifish,Coryphaena hippurus,,Coryphaenidae,,,"{""salt""}",,,,,,,,,,,,,https://upload.wikimedia.org/wikipedia/commons/thumb/c/cb/Coryphaena_hippurus_%28adult_male%29.jpg/120px-Coryphaena_hippurus_%28adult_male%29.jpg,https://upload.wikimedia.org/wikipedia/commons/thumb/c/cb/Coryphaena_hippurus_%28adult_male%29.jpg/120px-Coryphaena_hippurus_%28adult_male%29.jpg,"Le coryphène (du grec ancien : κορύφαινα, qui arbore un casque), la dorade coryphène ou mahi-mahi (en Polynésie), est une espèce de poisson que l'on peut trouver dans les régions tropicales et subtropicales de tous les océans, et occasionnellement en mer Méditerranée. C'est un prédateur puissant, prisé dans la pêche au gros. Les anglophones le nomment mahi-mahi, mais également common dolphinfish ou dorado, ce qui peut prêter à confusion.",,2381939
Gobie paganel,Rock Goby,Gobius paganellus,,Gobiidae,,,"{""salt""}",,,,,,,,,,,,,https://upload.wikimedia.org/wikipedia/commons/thumb/8/85/Defaut.svg/120px-Defaut.svg.png,https://upload.wikimedia.org/wikipedia/commons/thumb/8/85/Defaut.svg/120px-Defaut.svg.png,Gobius paganellus,,8196993
Gobie moucheté,Bucchich's goby,Gobius bucchichi,,Gobiidae,,,"{""salt""}",,,,,,,,,,,,,https://upload.wikimedia.org/wikipedia/commons/thumb/9/98/Gobius_bucchichi2.jpg/120px-Gobius_bucchichi2.jpg,https://upload.wikimedia.org/wikipedia/commons/thumb/9/98/Gobius_bucchichi2.jpg/120px-Gobius_bucchichi2.jpg,"Gobius bucchichi, le Gobie moucheté, est une espèce de poissons de la grande famille des Gobiidae.",,2376501
Gobie à grosse tête,Giant Goby,Gobius cobitis,,Gobiidae,,,"{""salt""}",,,,,,,,,,,,,https://upload.wikimedia.org/wikipedia/commons/thumb/8/85/Defaut.svg/120px-Defaut.svg.png,https://upload.wikimedia.org/wikipedia/commons/thumb/8/85/Defaut.svg/120px-Defaut.svg.png,Gobius cobitis,,2376491
Gobie noir,Black Goby,Gobius niger,,Gobiidae,,,"{""salt""}",,,,,,,,,,,,,https://upload.wikimedia.org/wikipedia/commons/thumb/2/23/Gobius_paganellus_by_Line1.jpg/120px-Gobius_paganellus_by_Line1.jpg,https://upload.wikimedia.org/wikipedia/commons/thumb/2/23/Gobius_paganellus_by_Line1.jpg/120px-Gobius_paganellus_by_Line1.jpg,"Gobius niger, le gobie noir, est une espèce de poissons osseux de l'ordre des Perciformes, de la famille des Gobiidae, et la sous-famille des Gobiinae.",,2375526
Gobie à joues poreuses,Slender goby,Gobius geniporus,,Gobiidae,,,"{""salt""}",,,,,,,,,,,,,https://upload.wikimedia.org/wikipedia/commons/thumb/8/85/Defaut.svg/120px-Defaut.svg.png,https://upload.wikimedia.org/wikipedia/commons/thumb/8/85/Defaut.svg/120px-Defaut.svg.png,"Gobius geniporus · Gobie svelte, Gobie génipore",,2376510
Gobie à bouche rouge,Red-mouth Goby,Gobius cruentatus,,Gobiidae,,,"{""salt""}",,,,,,,,,,,,,https://upload.wikimedia.org/wikipedia/commons/thumb/8/85/Defaut.svg/120px-Defaut.svg.png,https://upload.wikimedia.org/wikipedia/commons/thumb/8/85/Defaut.svg/120px-Defaut.svg.png,"Gobie ensanglanté, Gobie à bouche rouge",,8187685
Gobie doré,Golden Goby,Gobius xanthocephalus,,Gobiidae,,,"{""salt""}",,,,,,,,,,,,,https://upload.wikimedia.org/wikipedia/commons/thumb/4/4b/Gobius_xanthocephalus.JPG/120px-Gobius_xanthocephalus.JPG,https://upload.wikimedia.org/wikipedia/commons/thumb/4/4b/Gobius_xanthocephalus.JPG/120px-Gobius_xanthocephalus.JPG,"Gobie doré, Gobie à tête jaune",,2376555
Gobie de steinitz,Steinitz's Goby,Gammogobius steinitzi,,Gobiidae,,,"{""salt""}",,,,,,,,,,,,,https://upload.wikimedia.org/wikipedia/commons/thumb/8/85/Defaut.svg/120px-Defaut.svg.png,https://upload.wikimedia.org/wikipedia/commons/thumb/8/85/Defaut.svg/120px-Defaut.svg.png,,,2377493
Gobie jaune,Golden goby,Gobius auratus,,Gobiidae,,,"{""salt""}",,,,,,,,,,,,,https://upload.wikimedia.org/wikipedia/commons/thumb/2/2d/Gobius_auratus_03-10-08_%28Stefano_Guerrieri%29.jpg/120px-Gobius_auratus_03-10-08_%28Stefano_Guerrieri%29.jpg,https://upload.wikimedia.org/wikipedia/commons/thumb/2/2d/Gobius_auratus_03-10-08_%28Stefano_Guerrieri%29.jpg/120px-Gobius_auratus_03-10-08_%28Stefano_Guerrieri%29.jpg,,,7942644
Gobie léopard,Leopard-spotted Goby,Thorogobius ephippiatus,,Gobiidae,,,"{""salt""}",,,,,,,,,,,,,https://upload.wikimedia.org/wikipedia/commons/thumb/8/85/Defaut.svg/120px-Defaut.svg.png,https://upload.wikimedia.org/wikipedia/commons/thumb/8/85/Defaut.svg/120px-Defaut.svg.png,Le Gobie léopard (Thorogobius ephippiatus) est un poisson marin démersal de la famille des Gobiidés.,,2379214
Gobies nains,,Pomatoschistus sp.,,Gobiidae,,,"{""salt""}",,,,,,,,,,,,,https://upload.wikimedia.org/wikipedia/commons/thumb/8/85/Defaut.svg/120px-Defaut.svg.png,https://upload.wikimedia.org/wikipedia/commons/thumb/8/85/Defaut.svg/120px-Defaut.svg.png,,,2379265
Gobie à quatre taches,Four-spotted goby,Deltentosteus quadrimaculatus,,Gobiidae,,,"{""salt""}",,,,,,,,,,,,,https://upload.wikimedia.org/wikipedia/commons/thumb/8/85/Defaut.svg/120px-Defaut.svg.png,https://upload.wikimedia.org/wikipedia/commons/thumb/8/85/Defaut.svg/120px-Defaut.svg.png,Deltentosteus quadrimaculatus,,2376296
Gobie rayé,Striped goby,Gobius vittatus,,Gobiidae,,,"{""salt""}",,,,,,,,,,,,,https://upload.wikimedia.org/wikipedia/commons/thumb/8/85/Defaut.svg/120px-Defaut.svg.png,https://upload.wikimedia.org/wikipedia/commons/thumb/8/85/Defaut.svg/120px-Defaut.svg.png,,,2376545
Gobie nageur de Ferrer,Ferrer's goby,Pseudaphya ferreri,,Gobiidae,,,"{""salt""}",,,,,,,,,,,,,https://upload.wikimedia.org/wikipedia/commons/thumb/8/85/Defaut.svg/120px-Defaut.svg.png,https://upload.wikimedia.org/wikipedia/commons/thumb/8/85/Defaut.svg/120px-Defaut.svg.png,,,2376289
Gobie lote,Grass goby,Zosterisessor ophiocephalus,,Gobiidae,,,"{""salt""}",,,,,,,,,,,,,https://upload.wikimedia.org/wikipedia/commons/thumb/8/85/Defaut.svg/120px-Defaut.svg.png,https://upload.wikimedia.org/wikipedia/commons/thumb/8/85/Defaut.svg/120px-Defaut.svg.png,,,2375885
Crénilabre méditerranéen,Axillary wrasse,Symphodus mediterraneus,,Labridae,,,"{""salt""}",,,,,,,,,,,,,https://upload.wikimedia.org/wikipedia/commons/thumb/8/84/Symphodus_mediterraneus.jpg/120px-Symphodus_mediterraneus.jpg,https://upload.wikimedia.org/wikipedia/commons/thumb/8/84/Symphodus_mediterraneus.jpg/120px-Symphodus_mediterraneus.jpg,Symphodus mediterraneus,,2384029
Crénilabre ocellé,Ocellated wrasse,Symphodus ocellatus,,Labridae,,,"{""salt""}",,,,,,,,,,,,,https://upload.wikimedia.org/wikipedia/commons/thumb/8/85/Defaut.svg/120px-Defaut.svg.png,https://upload.wikimedia.org/wikipedia/commons/thumb/8/85/Defaut.svg/120px-Defaut.svg.png,,,9740273
Crénilabre de doderlein,Doderlein’s wrasse,Symphodus doderleini,,Labridae,,,"{""salt""}",,,,,,,,,,,,,https://upload.wikimedia.org/wikipedia/commons/thumb/c/cd/Symphodus_doderleini_%28Stefano_Guerrieri%29.jpg/120px-Symphodus_doderleini_%28Stefano_Guerrieri%29.jpg,https://upload.wikimedia.org/wikipedia/commons/thumb/c/cd/Symphodus_doderleini_%28Stefano_Guerrieri%29.jpg/120px-Symphodus_doderleini_%28Stefano_Guerrieri%29.jpg,,,2383968
Sublet,Pointed-snout wrasse,Symphodus rostratus,,Labridae,,,"{""salt""}",,,,,,,,,,,,,https://upload.wikimedia.org/wikipedia/commons/thumb/8/85/Defaut.svg/120px-Defaut.svg.png,https://upload.wikimedia.org/wikipedia/commons/thumb/8/85/Defaut.svg/120px-Defaut.svg.png,Symphodus rostratus,,2383991
Crénilabre cendré,Grey wrasse,Symphodus cinereus,,Labridae,,,"{""salt""}",,,,,,,,,,,,,https://upload.wikimedia.org/wikipedia/commons/thumb/0/01/Symphodus_cinereus.001_-_Aquarium_Finisterrae.jpg/120px-Symphodus_cinereus.001_-_Aquarium_Finisterrae.jpg,https://upload.wikimedia.org/wikipedia/commons/thumb/0/01/Symphodus_cinereus.001_-_Aquarium_Finisterrae.jpg/120px-Symphodus_cinereus.001_-_Aquarium_Finisterrae.jpg,,,2384043
Crénilabre nettoyeur,blacktailed wrasse,Symphodus melanocercus,,Labridae,,,"{""salt""}",,,,,,,,,,,,,https://upload.wikimedia.org/wikipedia/commons/thumb/2/20/Symphodus_melanocercus.jpg/120px-Symphodus_melanocercus.jpg,https://upload.wikimedia.org/wikipedia/commons/thumb/2/20/Symphodus_melanocercus.jpg/120px-Symphodus_melanocercus.jpg,,,2383964
Crénilabre à 5 bandes,Five-spotted wrasse,Symphodus roissali,,Labridae,,,"{""salt""}",,,,,,,,,,,,,https://upload.wikimedia.org/wikipedia/commons/thumb/8/85/Defaut.svg/120px-Defaut.svg.png,https://upload.wikimedia.org/wikipedia/commons/thumb/8/85/Defaut.svg/120px-Defaut.svg.png,,,2384006
Crénilabre paon,East Atlantic peacock wrasse,Symphodus tinca,,Labridae,,,"{""salt""}",,,,,,,,,,,,,https://upload.wikimedia.org/wikipedia/commons/thumb/8/85/Defaut.svg/120px-Defaut.svg.png,https://upload.wikimedia.org/wikipedia/commons/thumb/8/85/Defaut.svg/120px-Defaut.svg.png,,,2383970
Crénilabre melops,Corkwing,Symphodus melops,,Labridae,,,"{""salt""}",,,,,,,,,,,,,https://upload.wikimedia.org/wikipedia/commons/thumb/8/85/Defaut.svg/120px-Defaut.svg.png,https://upload.wikimedia.org/wikipedia/commons/thumb/8/85/Defaut.svg/120px-Defaut.svg.png,Symphodus melops,,2383978
Labre palloni,Scale-rayed Wrasse,Acantholabrus palloni,,Labridae,,,"{""salt""}",,,,,,,,,,,,,https://upload.wikimedia.org/wikipedia/commons/thumb/9/9e/Brunsnultra.png/120px-Brunsnultra.png,https://upload.wikimedia.org/wikipedia/commons/thumb/9/9e/Brunsnultra.png/120px-Brunsnultra.png,"Acantholabrus palloni est une espèce de poissons téléostéens (Teleostei), la seule du genre Acantholabrus.",,2383144
Cténolabre,Gold-sinny,Ctenolabrus rupestris,,Labridae,,,"{""salt""}",,,,,,,,,,,,,https://upload.wikimedia.org/wikipedia/commons/thumb/8/85/Defaut.svg/120px-Defaut.svg.png,https://upload.wikimedia.org/wikipedia/commons/thumb/8/85/Defaut.svg/120px-Defaut.svg.png,Ctenolabrus rupestris,,2383163
Labre vert,Green wrasse,Labrus viridis,,Labridae,,,"{""salt""}",,,,,,,,,,,,,https://upload.wikimedia.org/wikipedia/commons/thumb/8/85/Defaut.svg/120px-Defaut.svg.png,https://upload.wikimedia.org/wikipedia/commons/thumb/8/85/Defaut.svg/120px-Defaut.svg.png,Labre vert,,2383648
Merle,Brown wrasse,Labrus merula,,Labridae,,,"{""salt""}",,,,,,,,,,,,,https://upload.wikimedia.org/wikipedia/commons/thumb/8/85/Defaut.svg/120px-Defaut.svg.png,https://upload.wikimedia.org/wikipedia/commons/thumb/8/85/Defaut.svg/120px-Defaut.svg.png,Merle,,2383638
Vieille coquette,Cuckoo wrasse,Labrus mixtus,,Labridae,,,"{""salt""}",,,,,,,,,,,,,https://upload.wikimedia.org/wikipedia/commons/thumb/d/d4/Labrus_mixtus_2_by_Line1.jpg/120px-Labrus_mixtus_2_by_Line1.jpg,https://upload.wikimedia.org/wikipedia/commons/thumb/d/d4/Labrus_mixtus_2_by_Line1.jpg/120px-Labrus_mixtus_2_by_Line1.jpg,La Vieille coquette (Labrus mixtus) est une espèce de poissons de la famille des Labridae.,,2383649
Girelle,African rainbow wrasse,Coris julis,,Labridae,,,"{""salt""}",,,,,,,,,,,,,https://upload.wikimedia.org/wikipedia/commons/thumb/8/85/Defaut.svg/120px-Defaut.svg.png,https://upload.wikimedia.org/wikipedia/commons/thumb/8/85/Defaut.svg/120px-Defaut.svg.png,"La girelle (Coris julis), appelée aussi girelle royale (pour les mâles) ou girelle commune (pour les femelles), est une espèce de poissons de la famille des Labridae.",,5209780
Girelle paon,Ornate wrasse,Thalassoma pavo,,Labridae,,,"{""salt""}",,,,,,,,,,,,,https://upload.wikimedia.org/wikipedia/commons/thumb/c/c7/Female_Thalassoma_pavo.JPG/120px-Female_Thalassoma_pavo.JPG,https://upload.wikimedia.org/wikipedia/commons/thumb/c/c7/Female_Thalassoma_pavo.JPG/120px-Female_Thalassoma_pavo.JPG,"La Girelle-paon ou Girelle turque (Thalassoma pavo) est une espèce de poissons de la famille des labridés. Cette girelle est hermaphrodite protérogyne, mâle et femelle présentent un dimorphisme sexuel important au niveau de leurs couleurs.
Elle possède un mode de vie et un comportement semblable à Coris julis.",,2384491
Rason,Cleaver Wrasse,Xyrichtys novacula,,Labridae,,,"{""salt""}",,,,,,,,,,,,,https://upload.wikimedia.org/wikipedia/commons/thumb/5/54/Xyrichtysnovacula.jpg/120px-Xyrichtysnovacula.jpg,https://upload.wikimedia.org/wikipedia/commons/thumb/5/54/Xyrichtysnovacula.jpg/120px-Xyrichtysnovacula.jpg,"Xyrichtys novacula, communément appelé Rason, est un poisson osseux, benthique, littoral, de la famille des labridés. L’espèce est caractéristique du genre Xyrichtys.",,2383057
Loup moucheté,Black-spotted Bass,Dicentrarchus punctatus,,Moronidae,,,"{""salt""}",,,,,,,,,,,,,https://upload.wikimedia.org/wikipedia/commons/thumb/8/85/Defaut.svg/120px-Defaut.svg.png,https://upload.wikimedia.org/wikipedia/commons/thumb/8/85/Defaut.svg/120px-Defaut.svg.png,Dicentrarchus punctatus,,2394640
Mulet labéon,Boxlip mullet,Oedalechilus labeo,,Mugilidae,,,"{""salt""}",,,,,,,,,,,,,https://upload.wikimedia.org/wikipedia/commons/thumb/8/85/Defaut.svg/120px-Defaut.svg.png,https://upload.wikimedia.org/wikipedia/commons/thumb/8/85/Defaut.svg/120px-Defaut.svg.png,,,2400921
Rouget-barbet de roche,Red Stripped Mullet,Mullus surmuletus,,Mullidae,,,"{""salt""}",,,,,,,,,,,,,https://upload.wikimedia.org/wikipedia/commons/thumb/1/12/Surmulets.jpg/120px-Surmulets.jpg,https://upload.wikimedia.org/wikipedia/commons/thumb/1/12/Surmulets.jpg/120px-Surmulets.jpg,"Le rouget de roche ou rouget-barbet de roche (Mullus surmuletus) est une espèce de poissons marins, carnivore, se nourrissant surtout sur le fond,, de la famille des Mullidae.",,2396862
Rouget de vase,Blunt-snouted Mullet,Mullus barbatus,,Mullidae,,,"{""salt""}",,,,,,,,,,,,,https://upload.wikimedia.org/wikipedia/commons/thumb/3/3a/Mullus_barbatus_Linnaeus%2C_1758_1.jpg/120px-Mullus_barbatus_Linnaeus%2C_1758_1.jpg,https://upload.wikimedia.org/wikipedia/commons/thumb/3/3a/Mullus_barbatus_Linnaeus%2C_1758_1.jpg/120px-Mullus_barbatus_Linnaeus%2C_1758_1.jpg,"Le Rouget de vase (Mullus barbatus) est une espèce de poissons marins de la famille des Mullidae, également appelé Barbet, ou Rouget barbet. Le nom vernaculaire Rouget barbet est aussi employé pour Mullus surmuletus.",,4284897
Cernier,Atlantic Wreckfish,Polyprion americanus,,Polyprionidae,,,"{""salt""}",,,,,,,,,,,,,https://upload.wikimedia.org/wikipedia/commons/thumb/8/85/Defaut.svg/120px-Defaut.svg.png,https://upload.wikimedia.org/wikipedia/commons/thumb/8/85/Defaut.svg/120px-Defaut.svg.png,"Cernier commun, Cabot de Bosques, Mérou fanfré",,5211265
Castagnole,Damselfish,Chromis chromis,,Pomacentridae,,,"{""salt""}",,,,,,,,,,,,,https://upload.wikimedia.org/wikipedia/commons/thumb/9/9a/Chromis_chromis_2.jpg/120px-Chromis_chromis_2.jpg,https://upload.wikimedia.org/wikipedia/commons/thumb/9/9a/Chromis_chromis_2.jpg/120px-Chromis_chromis_2.jpg,"La castagnole, castagnole noire, petite castagnole ou demoiselle bleue (Chromis chromis) est une espèce de poissons d'eau de mer de la famille des Pomacentridae qui se rencontre dans l'Atlantique-est et en Méditerranée.",,5212224
Tassergal,Ancho,Pomatomus saltatrix,,Pomatomidae,,,"{""salt""}",,,,,,,,,,,,,https://upload.wikimedia.org/wikipedia/commons/thumb/8/85/Defaut.svg/120px-Defaut.svg.png,https://upload.wikimedia.org/wikipedia/commons/thumb/8/85/Defaut.svg/120px-Defaut.svg.png,Pomatomus saltatrix,,5208090
Poisson perroquet,European parrotfish,Sparisoma cretense,,Scaridae,,,"{""salt""}",,,,,,,,,,,,,https://upload.wikimedia.org/wikipedia/commons/thumb/8/85/Defaut.svg/120px-Defaut.svg.png,https://upload.wikimedia.org/wikipedia/commons/thumb/8/85/Defaut.svg/120px-Defaut.svg.png,Le Poisson-perroquet méditerranéen (Sparisoma cretense) est une espèce de poissons-perroquets (famille des Scaridae). C'est la seule espèce de ce groupe présente en mer Méditerranée.,,2393905
Corb,Brown Meagre,Sciaena umbra,,Sciaenidae,,,"{""salt""}",,,,,,,,,,,,,https://upload.wikimedia.org/wikipedia/commons/thumb/a/a1/Poisson-Corb.jpg/120px-Poisson-Corb.jpg,https://upload.wikimedia.org/wikipedia/commons/thumb/a/a1/Poisson-Corb.jpg/120px-Poisson-Corb.jpg,Sciaena umbra,,2399670
Maquereau,Atlantic Mackerel,Scomber scombrus,,Scombridae,,,"{""salt""}",,,,,,,,,,,,,https://upload.wikimedia.org/wikipedia/commons/thumb/c/ce/Scsco_u0.gif/120px-Scsco_u0.gif,https://upload.wikimedia.org/wikipedia/commons/thumb/c/ce/Scsco_u0.gif/120px-Scsco_u0.gif,"Le Maquereau (Scomber scombrus), maquereau bleu ou maquereau commun est une espèce de poissons téléostéens de haute mer, apprécié pour sa chair et faisant l'objet d'une pêche industrielle.",,2374149
Maquereau espagnol,Atlantic chub mackerel,Scomber japonicus,,Scombridae,,,"{""salt""}",,,,,,,,,,,,,https://upload.wikimedia.org/wikipedia/commons/thumb/8/85/Defaut.svg/120px-Defaut.svg.png,https://upload.wikimedia.org/wikipedia/commons/thumb/8/85/Defaut.svg/120px-Defaut.svg.png,Le maquereau espagnol Pacifique (Scomber japonicus) est une espèce de poissons marins de la famille des Scombridae. Il est également appelé maquereau blanc ou billard.,,7599552
Bonite à dos rayé,Atlantic Bonito,Sarda sarda,,Scombridae,,,"{""salt""}",,,,,,,,,,,,,https://upload.wikimedia.org/wikipedia/commons/thumb/8/85/Defaut.svg/120px-Defaut.svg.png,https://upload.wikimedia.org/wikipedia/commons/thumb/8/85/Defaut.svg/120px-Defaut.svg.png,"La bonite à dos rayé (Sarda sarda), aussi appelée pélamide (du latin Pelamis, signifiant jeune thon), est un poisson de la famille des scombridés. C'est une bonite que l'on trouve de l'Atlantique à la mer Méditerranée et la mer Noire.",,5208593
Thon blanc,Albacore Tuna,Thunnus alalunga,,Scombridae,,,"{""salt""}",,,,,,,,,,,,,https://upload.wikimedia.org/wikipedia/commons/thumb/8/85/Defaut.svg/120px-Defaut.svg.png,https://upload.wikimedia.org/wikipedia/commons/thumb/8/85/Defaut.svg/120px-Defaut.svg.png,Germon,,9694948
Thon rouge,Atlantic Bluefin Tuna,Thunnus thynnus,,Scombridae,,,"{""salt""}",,,,,,,,,,,,,https://upload.wikimedia.org/wikipedia/commons/thumb/8/85/Defaut.svg/120px-Defaut.svg.png,https://upload.wikimedia.org/wikipedia/commons/thumb/8/85/Defaut.svg/120px-Defaut.svg.png,"Le thon rouge du Nord (Thunnus thynnus), aussi appelé thon rouge de l'Atlantique ou  « scombres », ou thon rouge de Méditerranée plus au sud, est l'une des trois espèces de thons rouges avec le thon rouge du Pacifique (Thunnus orientalis) et le thon rouge du Sud (Thunnus maccoyii).",,2373980
Bonitou,Bonito,Auxis rochei,,Scombridae,,,"{""salt""}",,,,,,,,,,,,,https://upload.wikimedia.org/wikipedia/commons/thumb/8/85/Defaut.svg/120px-Defaut.svg.png,https://upload.wikimedia.org/wikipedia/commons/thumb/8/85/Defaut.svg/120px-Defaut.svg.png,,,4286088
Serran cabrille,Comber,Serranus cabrilla,,Serranidae,,,"{""salt""}",,,,,,,,,,,,,https://upload.wikimedia.org/wikipedia/commons/thumb/d/df/Serranus_cabrilla.jpg/120px-Serranus_cabrilla.jpg,https://upload.wikimedia.org/wikipedia/commons/thumb/d/df/Serranus_cabrilla.jpg/120px-Serranus_cabrilla.jpg,Serranus cabrilla,,2388710
Serran écriture,Painted comber,Serranus scriba,,Serranidae,,,"{""salt""}",,,,,,,,,,,,,https://upload.wikimedia.org/wikipedia/commons/thumb/e/e9/Serran.JPG/120px-Serran.JPG,https://upload.wikimedia.org/wikipedia/commons/thumb/e/e9/Serran.JPG/120px-Serran.JPG,"Serran écriture, Perche de mer",,2388714
Serran hépate,Brown comber,Serranus hepatus,,Serranidae,,,"{""salt""}",,,,,,,,,,,,,https://upload.wikimedia.org/wikipedia/commons/thumb/8/85/Defaut.svg/120px-Defaut.svg.png,https://upload.wikimedia.org/wikipedia/commons/thumb/8/85/Defaut.svg/120px-Defaut.svg.png,Serran hépate,,2388724
Barbier,Sea Perch,Anthias anthias,,Serranidae,,,"{""salt""}",,,,,,,,,,,,,https://upload.wikimedia.org/wikipedia/commons/thumb/8/85/Defaut.svg/120px-Defaut.svg.png,https://upload.wikimedia.org/wikipedia/commons/thumb/8/85/Defaut.svg/120px-Defaut.svg.png,Anthias anthias,,2387915
Mérou méditerranéen,Dusky grouper,Epinephelus marginatus,,Serranidae,,,"{""salt""}",,,,,,,,,,,,,https://upload.wikimedia.org/wikipedia/commons/thumb/8/85/Defaut.svg/120px-Defaut.svg.png,https://upload.wikimedia.org/wikipedia/commons/thumb/8/85/Defaut.svg/120px-Defaut.svg.png,"Mérou brun, mérou de Méditerranée, Mérou rouge",,2388507
Badèche,Goldblotch grouper,Epinephelus costae,,Serranidae,,,"{""salt""}",,,,,,,,,,,,,https://upload.wikimedia.org/wikipedia/commons/thumb/8/85/Defaut.svg/120px-Defaut.svg.png,https://upload.wikimedia.org/wikipedia/commons/thumb/8/85/Defaut.svg/120px-Defaut.svg.png,,,2388567
Mérou gris,Dogtooth grouper,Epinephelus caninus,,Serranidae,,,"{""salt""}",,,,,,,,,,,,,https://upload.wikimedia.org/wikipedia/commons/thumb/8/85/Defaut.svg/120px-Defaut.svg.png,https://upload.wikimedia.org/wikipedia/commons/thumb/8/85/Defaut.svg/120px-Defaut.svg.png,,,2388133
Dorade,,Sparus aurata,,Sparidae,,,"{""salt""}",,,,,,,,,,,,,https://upload.wikimedia.org/wikipedia/commons/thumb/0/03/Dorade.jpg/120px-Dorade.jpg,https://upload.wikimedia.org/wikipedia/commons/thumb/0/03/Dorade.jpg/120px-Dorade.jpg,Sparus aurata · Daurade,,2392508
Sar,White seabream,Diplodus sargus,,Sparidae,,,"{""salt""}",,,,,,,,,,,,,https://upload.wikimedia.org/wikipedia/commons/thumb/2/29/Sar_commun.jpg/120px-Sar_commun.jpg,https://upload.wikimedia.org/wikipedia/commons/thumb/2/29/Sar_commun.jpg/120px-Sar_commun.jpg,Diplodus sargus,,5210968
Museau pointu,Porgy,Diplodus puntazzo,,Sparidae,,,"{""salt""}",,,,,,,,,,,,,https://upload.wikimedia.org/wikipedia/commons/thumb/7/77/Diplodus_puntazzo_Guido_Picchetti.jpg/120px-Diplodus_puntazzo_Guido_Picchetti.jpg,https://upload.wikimedia.org/wikipedia/commons/thumb/7/77/Diplodus_puntazzo_Guido_Picchetti.jpg/120px-Diplodus_puntazzo_Guido_Picchetti.jpg,Le Sar à museau pointu (Diplodus puntazzo) est une espèce de la famille des sparidés pouvant atteindre jusqu'à 60 cm de long. Il est présent en Atlantique Est et en Méditerranée.,,9777888
Tambour,Oman Porgy,Diplodus cervinus,,Sparidae,,,"{""salt""}",,,,,,,,,,,,,https://upload.wikimedia.org/wikipedia/commons/thumb/8/85/Defaut.svg/120px-Defaut.svg.png,https://upload.wikimedia.org/wikipedia/commons/thumb/8/85/Defaut.svg/120px-Defaut.svg.png,"Diplodus cervinus, communément nommé sar tambour ou sar à grosses lèvres, est une espèce de poissons osseux de la famille des sparidés.",,5712108
Veirade,Blacktail Bream,Diplodus vulgaris,,Sparidae,,,"{""salt""}",,,,,,,,,,,,,https://upload.wikimedia.org/wikipedia/commons/thumb/8/85/Defaut.svg/120px-Defaut.svg.png,https://upload.wikimedia.org/wikipedia/commons/thumb/8/85/Defaut.svg/120px-Defaut.svg.png,Sar à tête noire,,5210979
Pataclet,Annular bream,Diplodus annularis,,Sparidae,,,"{""salt""}",,,,,,,,,,,,,https://upload.wikimedia.org/wikipedia/commons/thumb/8/85/Defaut.svg/120px-Defaut.svg.png,https://upload.wikimedia.org/wikipedia/commons/thumb/8/85/Defaut.svg/120px-Defaut.svg.png,"Diplodus annularis, le Sparaillon ou Pataclet, est une espèce de poissons de la famille des sparidés pouvant atteindre jusqu'à 24 cm de long. Il est présent en Atlantique est et en Méditerranée.",,5210983
Bogue (poisson),Bogue,Boops boops,,Sparidae,,,"{""salt""}",,,,,,,,,,,,,https://upload.wikimedia.org/wikipedia/commons/thumb/8/85/Defaut.svg/120px-Defaut.svg.png,https://upload.wikimedia.org/wikipedia/commons/thumb/8/85/Defaut.svg/120px-Defaut.svg.png,Bogue,,5210955
Saupe,Gold Line,Sarpa salpa,,Sparidae,,,"{""salt""}",,,,,,,,,,,,,https://upload.wikimedia.org/wikipedia/commons/thumb/c/cd/Sarpa_salpa.jpg/120px-Sarpa_salpa.jpg,https://upload.wikimedia.org/wikipedia/commons/thumb/c/cd/Sarpa_salpa.jpg/120px-Sarpa_salpa.jpg,Sarpa salpa,,2392628
Oblade,Saddled seabream,Oblada melanura,,Sparidae,,,"{""salt""}",,,,,,,,,,,,,https://upload.wikimedia.org/wikipedia/commons/thumb/8/85/Defaut.svg/120px-Defaut.svg.png,https://upload.wikimedia.org/wikipedia/commons/thumb/8/85/Defaut.svg/120px-Defaut.svg.png,Oblade,,2392603
Rousseau,,Pagellus centrodontus,,Sparidae,,,"{""salt""}",,,,,,,,,,,,,https://upload.wikimedia.org/wikipedia/commons/thumb/8/85/Defaut.svg/120px-Defaut.svg.png,https://upload.wikimedia.org/wikipedia/commons/thumb/8/85/Defaut.svg/120px-Defaut.svg.png,,,2392559
Marbré,,Lithognathus mormyrus,,Sparidae,,,"{""salt""}",,,,,,,,,,,,,https://upload.wikimedia.org/wikipedia/commons/thumb/4/4a/Banc_de_marbr%C3%A9s.jpg/120px-Banc_de_marbr%C3%A9s.jpg,https://upload.wikimedia.org/wikipedia/commons/thumb/4/4a/Banc_de_marbr%C3%A9s.jpg/120px-Banc_de_marbr%C3%A9s.jpg,Lithognathus mormyrus,,2392647
Pageau,Becker,Pagellus erythrinus,,Sparidae,,,"{""salt""}",,,,,,,,,,,,,https://upload.wikimedia.org/wikipedia/commons/thumb/9/9c/Pagellus_erythrinus_RO.jpg/120px-Pagellus_erythrinus_RO.jpg,https://upload.wikimedia.org/wikipedia/commons/thumb/9/9c/Pagellus_erythrinus_RO.jpg/120px-Pagellus_erythrinus_RO.jpg,Le pageot commun (Pagellus erythrinus) est une espèce de poissons de la famille des sparidés.,,2392554
Pageau acarné,Auxillary seabream,Pagellus acarne,,Sparidae,,,"{""salt""}",,,,,,,,,,,,,https://upload.wikimedia.org/wikipedia/commons/thumb/8/85/Defaut.svg/120px-Defaut.svg.png,https://upload.wikimedia.org/wikipedia/commons/thumb/8/85/Defaut.svg/120px-Defaut.svg.png,"Pagellus acarne (Pageot acarne, Pageot blanc) est un poisson de la famille des Sparidae.",,2392566
Bogue ravelle,Blackspot seabream,Pagellus bogaraveo,,Sparidae,,,"{""salt""}",,,,,,,,,,,,,https://upload.wikimedia.org/wikipedia/commons/thumb/4/48/Pagellus_bogaraveo_-_Baron_Cuvier.jpg/120px-Pagellus_bogaraveo_-_Baron_Cuvier.jpg,https://upload.wikimedia.org/wikipedia/commons/thumb/4/48/Pagellus_bogaraveo_-_Baron_Cuvier.jpg/120px-Pagellus_bogaraveo_-_Baron_Cuvier.jpg,La Dorade rose ou Pageot rose (Pagellus bogaraveo) est un poisson de la famille des Sparidae. Les dimensions de ses yeux lui ont valu le surnom de « beaux yeux ».,,2392557
Canthère,Black Sea-bream,Spondyliosoma cantharus,,Sparidae,,,"{""salt""}",,,,,,,,,,,,,https://upload.wikimedia.org/wikipedia/commons/thumb/8/85/Defaut.svg/120px-Defaut.svg.png,https://upload.wikimedia.org/wikipedia/commons/thumb/8/85/Defaut.svg/120px-Defaut.svg.png,"La dorade grise (Spondyliosoma cantharus) est une espèce de poissons de la famille des Sparidae, également appelé canthère, griset ou tanude.",,2392356
Denti,Common dentex,Dentex dentex,,Sparidae,,,"{""salt""}",,,,,,,,,,,,,https://upload.wikimedia.org/wikipedia/commons/thumb/8/85/Defaut.svg/120px-Defaut.svg.png,https://upload.wikimedia.org/wikipedia/commons/thumb/8/85/Defaut.svg/120px-Defaut.svg.png,Le denti ou denté commun (Dentex dentex) est une espèce de poissons de la famille des Sparidae.,,2392679
Pagre,Common Sea Bream,Pagrus pagrus,,Sparidae,,,"{""salt""}",,,,,,,,,,,,,https://upload.wikimedia.org/wikipedia/commons/thumb/9/9c/Pagrus_pargus_1_by_Line1.jpg/120px-Pagrus_pargus_1_by_Line1.jpg,https://upload.wikimedia.org/wikipedia/commons/thumb/9/9c/Pagrus_pargus_1_by_Line1.jpg/120px-Pagrus_pargus_1_by_Line1.jpg,"Pagrus pagrus, appelé pagre commun, pagre rouge ou encore brème de mer ou dorade, est un poisson de la famille des Sparidae.
Il peut être facilement confondu avec le pagre à points bleus, le pageot commun ou le denté commun.",,5210913
Barracuda,Barra,Sphyraena barracuda,,Sphyraenidae,,,"{""salt""}",,,,,,,,,,,,,https://upload.wikimedia.org/wikipedia/commons/thumb/e/eb/Barracuda_laban.jpg/120px-Barracuda_laban.jpg,https://upload.wikimedia.org/wikipedia/commons/thumb/e/eb/Barracuda_laban.jpg/120px-Barracuda_laban.jpg,"Le Grand barracuda (Sphyraena barracuda) est une espèce de  poissons carnassier de grande taille, de la famille des barracudas.",,9784990
Sphyrène,,Sphyraena sphyraena,,Sphyraenidae,,,"{""salt""}",,,,,,,,,,,,,https://upload.wikimedia.org/wikipedia/commons/thumb/8/85/Defaut.svg/120px-Defaut.svg.png,https://upload.wikimedia.org/wikipedia/commons/thumb/8/85/Defaut.svg/120px-Defaut.svg.png,"Bécune européenne, Barracuda méditerranéen, Spet",,2394271
Bécune,Yellow Barracuda,Sphyraena viridensis,,Sphyraenidae,,,"{""salt""}",,,,,,,,,,,,,https://upload.wikimedia.org/wikipedia/commons/thumb/a/a0/Spvir_ub.jpg/120px-Spvir_ub.jpg,https://upload.wikimedia.org/wikipedia/commons/thumb/a/a0/Spvir_ub.jpg/120px-Spvir_ub.jpg,"Sphyraena viridensis, appelé Barracuda de Méditerranée, Barracuda méditerranéen, Bécune bouche jaune ou encore Barracuda à bouche jaune, est une espèce de poissons de la famille des barracudas qui vit en Méditerranée.",,2394222
Grande vive,Greater Weever,Trachinus draco,,Trachinidae,,,"{""salt""}",,,,,,,,,,,,,https://upload.wikimedia.org/wikipedia/commons/thumb/8/85/Defaut.svg/120px-Defaut.svg.png,https://upload.wikimedia.org/wikipedia/commons/thumb/8/85/Defaut.svg/120px-Defaut.svg.png,La Grande vive (Trachinus draco) est une espèce de poissons de la famille des Trachinidae.,,2386475
Petite vive,Lesser weaver,Echiichthys vipera,,Trachinidae,,,"{""salt""}",,,,,,,,,,,,,https://upload.wikimedia.org/wikipedia/commons/thumb/8/85/Defaut.svg/120px-Defaut.svg.png,https://upload.wikimedia.org/wikipedia/commons/thumb/8/85/Defaut.svg/120px-Defaut.svg.png,La Petite vive (Echiichthys vipera) est une espèce de poissons marins de la famille des Trachinidae. C'est la seule espèce du genre Echiichthys.,,2386469
Vive araignée,Spotted weever,Trachinus araneus,,Trachinidae,,,"{""salt""}",,,,,,,,,,,,,https://upload.wikimedia.org/wikipedia/commons/thumb/8/83/Trachinus_araneus_Sardegna2.jpg/120px-Trachinus_araneus_Sardegna2.jpg,https://upload.wikimedia.org/wikipedia/commons/thumb/8/83/Trachinus_araneus_Sardegna2.jpg/120px-Trachinus_araneus_Sardegna2.jpg,La vive araignée (Trachinus araneus) est une espèce de poissons marins de la famille des Trachinidae.,,2386478
Lépidope,Buttersnoek,Lepidopus caudatus,,Trichiuridae,,,"{""salt""}",,,,,,,,,,,,,https://upload.wikimedia.org/wikipedia/commons/thumb/8/85/Defaut.svg/120px-Defaut.svg.png,https://upload.wikimedia.org/wikipedia/commons/thumb/8/85/Defaut.svg/120px-Defaut.svg.png,"Lepidopus caudatus, communément appelé Sabre ou Sabre argenté, est une espèce de poissons marins de la famille des Trichiuridae.",,5210267
Triptérygion,Red-black triplefin,Tripterygion tripteronotus,,Tripterygiidae,,,"{""salt""}",,,,,,,,,,,,,https://upload.wikimedia.org/wikipedia/commons/thumb/0/02/Tripterygion.JPG/120px-Tripterygion.JPG,https://upload.wikimedia.org/wikipedia/commons/thumb/0/02/Tripterygion.JPG/120px-Tripterygion.JPG,,,5962007
Triptérygion nain,Black-spotted triplefin,Tripterygion melanurus,,Tripterygiidae,,,"{""salt""}",,,,,,,,,,,,,https://upload.wikimedia.org/wikipedia/commons/thumb/0/05/Capo_Gallo_Tripterygion_melanurus.jpg/120px-Capo_Gallo_Tripterygion_melanurus.jpg,https://upload.wikimedia.org/wikipedia/commons/thumb/0/05/Capo_Gallo_Tripterygion_melanurus.jpg/120px-Capo_Gallo_Tripterygion_melanurus.jpg,Tripterygion melanurus est un poisson osseux de la famille de Tripterygiidé.,,2393097
Triptérygion jaune,Black-faced Blenny,Tripterygion delaisi,,Tripterygiidae,,,"{""salt""}",,,,,,,,,,,,,https://upload.wikimedia.org/wikipedia/commons/thumb/9/9a/Tripterygion_delaisi.JPG/120px-Tripterygion_delaisi.JPG,https://upload.wikimedia.org/wikipedia/commons/thumb/9/9a/Tripterygion_delaisi.JPG/120px-Tripterygion_delaisi.JPG,"Le triptérygion jaune (Tripterygion delaisi) est un poisson osseux de la famille des triptérygiidés. Sa taille maximale est de 8,5 cm à 9 cm.",,2393095
Uranoscope,Atlantic Stargazer,Uranoscopus scaber,,Uranoscopidae,,,"{""salt""}",,,,,,,,,,,,,https://upload.wikimedia.org/wikipedia/commons/thumb/8/85/Defaut.svg/120px-Defaut.svg.png,https://upload.wikimedia.org/wikipedia/commons/thumb/8/85/Defaut.svg/120px-Defaut.svg.png,Uranoscopus scaber,,2394370
Rombou,,Bothus podas,,Bothidae,,,"{""salt""}",,,,,,,,,,,,,https://upload.wikimedia.org/wikipedia/commons/thumb/8/85/Defaut.svg/120px-Defaut.svg.png,https://upload.wikimedia.org/wikipedia/commons/thumb/8/85/Defaut.svg/120px-Defaut.svg.png,Rombou podas,,5213852
Arnoglosse,Scald Fishes,Arnoglossus sp.,,Bothidae,,,"{""salt""}",,,,,,,,,,,,,https://upload.wikimedia.org/wikipedia/commons/thumb/8/85/Defaut.svg/120px-Defaut.svg.png,https://upload.wikimedia.org/wikipedia/commons/thumb/8/85/Defaut.svg/120px-Defaut.svg.png,,,2408505
Carrelet,European plaice,Pleuronectes platessa,,Pleuronectidae,,,"{""salt""}",,,,,,,,,,,,,https://upload.wikimedia.org/wikipedia/commons/thumb/8/85/Defaut.svg/120px-Defaut.svg.png,https://upload.wikimedia.org/wikipedia/commons/thumb/8/85/Defaut.svg/120px-Defaut.svg.png,"Plie commune, carrelet",,7700106
Turbot,turbot,Psetta maxima,,Scophthalmidae,,,"{""salt""}",,,,,,,,,,,,,https://upload.wikimedia.org/wikipedia/commons/thumb/a/af/Psetta_maxima.JPG/120px-Psetta_maxima.JPG,https://upload.wikimedia.org/wikipedia/commons/thumb/a/af/Psetta_maxima.JPG/120px-Psetta_maxima.JPG,"Turbot, Turbot commun",,2409416
Turbot des grottes,Eckström's topknot,Phrynorhombus regius,,Scophthalmidae,,,"{""salt""}",,,,,,,,,,,,,https://upload.wikimedia.org/wikipedia/commons/thumb/8/85/Defaut.svg/120px-Defaut.svg.png,https://upload.wikimedia.org/wikipedia/commons/thumb/8/85/Defaut.svg/120px-Defaut.svg.png,,,2409413
Barbue,Brill,Scophthalmus rhombus,,Scophthalmidae,,,"{""salt""}",,,,,,,,,,,,,https://upload.wikimedia.org/wikipedia/commons/thumb/8/85/Defaut.svg/120px-Defaut.svg.png,https://upload.wikimedia.org/wikipedia/commons/thumb/8/85/Defaut.svg/120px-Defaut.svg.png,"La Barbue, Scophthalmus rhombus, est un poisson plat pêché dans l'océan Atlantique oriental depuis le nord du Maroc jusqu'en Islande ainsi que dans la mer Méditerranée et la mer Noire. Ce poisson est proche du Turbot (Scophthalmus maximus, Scophthalmidés), qui lui est préféré.",,2409403
Sole commune,Black Sole,Solea solea,,Soleidae,,,"{""salt""}",,,,,,,,,,,,,https://upload.wikimedia.org/wikipedia/commons/thumb/8/85/Defaut.svg/120px-Defaut.svg.png,https://upload.wikimedia.org/wikipedia/commons/thumb/8/85/Defaut.svg/120px-Defaut.svg.png,Solea solea,,5214139
Sole pole,Atlantic sole,Pegusa lascaris,,Soleidae,,,"{""salt""}",,,,,,,,,,,,,https://upload.wikimedia.org/wikipedia/commons/thumb/7/73/Pegusa_lascaris.jpg/120px-Pegusa_lascaris.jpg,https://upload.wikimedia.org/wikipedia/commons/thumb/7/73/Pegusa_lascaris.jpg/120px-Pegusa_lascaris.jpg,La sole pole (Pegusa lascaris) est une espèce de poissons plats marins de la famille des Soleidae.,,2409966
Petite Sole jaune,Solenette,Buglossidium luteum,,Soleidae,,,"{""salt""}",,,,,,,,,,,,,https://upload.wikimedia.org/wikipedia/commons/thumb/8/85/Defaut.svg/120px-Defaut.svg.png,https://upload.wikimedia.org/wikipedia/commons/thumb/8/85/Defaut.svg/120px-Defaut.svg.png,La petite sole jaune (Buglossidium luteum) est une espèce de poissons plats marins appartenant à la famille des Soleidae. C'est la seule espèce connue du genre Buglodissium (monotypique).,,2409909
Sole perdrix ocellée,Eyed sole,Microchirus ocellatus,,Soleidae,,,"{""salt""}",,,,,,,,,,,,,https://upload.wikimedia.org/wikipedia/commons/thumb/2/26/Microchirus_ocellatus_Stefano_Guerrieri.jpg/120px-Microchirus_ocellatus_Stefano_Guerrieri.jpg,https://upload.wikimedia.org/wikipedia/commons/thumb/2/26/Microchirus_ocellatus_Stefano_Guerrieri.jpg/120px-Microchirus_ocellatus_Stefano_Guerrieri.jpg,La sole-perdrix ocellée ou sole ocellée (Microchirus ocellatus) est une espèce de poissons marins de la famille des Soleidae.,,2410119
Sole perdrix panachée,Bastard Sole,Microchirus variegatus,,Soleidae,,,"{""salt""}",,,,,,,,,,,,,https://upload.wikimedia.org/wikipedia/commons/thumb/8/85/Defaut.svg/120px-Defaut.svg.png,https://upload.wikimedia.org/wikipedia/commons/thumb/8/85/Defaut.svg/120px-Defaut.svg.png,"La sole-perdix commune ou sole-perdrix panachée (Microchirus variegatus) est une espèce de poissons plats marins appartenant à la famille des Soleidae, à la teinte orangée et à rayures sombres.",,2410108
Sole velue,Whiskered sole,Monochirus hispidus,,Soleidae,,,"{""salt""}",,,,,,,,,,,,,https://upload.wikimedia.org/wikipedia/commons/thumb/8/85/Defaut.svg/120px-Defaut.svg.png,https://upload.wikimedia.org/wikipedia/commons/thumb/8/85/Defaut.svg/120px-Defaut.svg.png,,,5214091
Pastenague,Common stingray,Dasyatis pastinaca,,Dasyatidae,,,"{""salt""}",,,,,,,,,,,,,https://upload.wikimedia.org/wikipedia/commons/thumb/1/1a/Dasyatis_pastinaca%2802%29.jpg/120px-Dasyatis_pastinaca%2802%29.jpg,https://upload.wikimedia.org/wikipedia/commons/thumb/1/1a/Dasyatis_pastinaca%2802%29.jpg/120px-Dasyatis_pastinaca%2802%29.jpg,"La Raie pastenague ou Pastenague commune (Dasyatis pastinaca) est une espèce de raies de la famille des Dasyatidae. On la rencontre dans le nord-est de l'océan Atlantique ainsi qu'en mer Méditerranée, et en mer Noire. Elle habite généralement des fonds sableux ou vaseux des eaux côtières jusqu'à 60 m de profondeur, et s'enfouit souvent dans les sédiments. Mesurant généralement 45 cm de diamètre, la raie pastenague possède une queue fine dotée d'un aiguillon venimeux. Elle est reconnaissable à sa coloration unie et à sa peau lisse.",,2419543
Raie bouclée,,Raja clavata,,Rajidae,,,"{""salt""}",,,,,,,,,,,,,https://upload.wikimedia.org/wikipedia/commons/thumb/3/36/Raja_clavata_%28juv%29.jpg/120px-Raja_clavata_%28juv%29.jpg,https://upload.wikimedia.org/wikipedia/commons/thumb/3/36/Raja_clavata_%28juv%29.jpg/120px-Raja_clavata_%28juv%29.jpg,"La raie bouclée (Raja clavata) est une espèce de raies de l'ordre des Rajiformes que l'on rencontre de la Norvège à l'Afrique du Sud, en Méditerranée, autour des îles Britanniques, et jusqu'en Islande. Sur le plan halieutique, c'est l'espèce de rajidé la plus importante des pêches françaises. C'est également la plus recherchée au point de vue gustatif.",,5216024
Raie lisse,Blue grey skate,Dipturus batis,,Rajidae,,,"{""salt""}",,,,,,,,,,,,,https://upload.wikimedia.org/wikipedia/commons/thumb/8/85/Defaut.svg/120px-Defaut.svg.png,https://upload.wikimedia.org/wikipedia/commons/thumb/8/85/Defaut.svg/120px-Defaut.svg.png,Le pocheteau gris (Dipturus batis) est une espèce de raies appartenant à la famille des Rajidae.,,2420234
Raie miroir,Brown Skate,Raja miraletus,,Rajidae,,,"{""salt""}",,,,,,,,,,,,,https://upload.wikimedia.org/wikipedia/commons/thumb/8/85/Defaut.svg/120px-Defaut.svg.png,https://upload.wikimedia.org/wikipedia/commons/thumb/8/85/Defaut.svg/120px-Defaut.svg.png,"La Raie miroir, Raie miraillée ou Raie florifère (Raja miraletus) est une espèce de raies de la famille des Rajidae.",,5216033
Raie de Malte,Maltese Skate,Leucoraja melitensis,,Rajidae,,,"{""salt""}",,,,,,,,,,,,,https://upload.wikimedia.org/wikipedia/commons/thumb/8/85/Defaut.svg/120px-Defaut.svg.png,https://upload.wikimedia.org/wikipedia/commons/thumb/8/85/Defaut.svg/120px-Defaut.svg.png,"Leucoraja melitensis, communément appelé Raie de Malte ou Raie maltaise, est une espèce de raies rares et menacées, vivant entre les bassins occidentaux et orientaux de la mer Méditerranée, dans le canal de Sicile. C'est l'une des quatre espèces de raies endémiques de Méditerranée.",,2419852
Raie guitare,Common guitarfish,Rhinobatos rhinobatos,,Rhinobatidae,,,"{""salt""}",,,,,,,,,,,,,https://upload.wikimedia.org/wikipedia/commons/thumb/8/85/Defaut.svg/120px-Defaut.svg.png,https://upload.wikimedia.org/wikipedia/commons/thumb/8/85/Defaut.svg/120px-Defaut.svg.png,,,2419005
Grondin volant,Batfish,Dactylopterus volitans,,Dactylopteridae,,,"{""salt""}",,,,,,,,,,,,,https://upload.wikimedia.org/wikipedia/commons/thumb/8/85/Defaut.svg/120px-Defaut.svg.png,https://upload.wikimedia.org/wikipedia/commons/thumb/8/85/Defaut.svg/120px-Defaut.svg.png,Le Grondin volant (Dactylopterus volitans) est une espèce de poissons téléostéens marins appartenant à la famille des Dactylopteridés. C'est le seul représentant de son genre Dactylopterus.,,2333605
Rascasse rouge,Large-scaled Scorpionfish,Scorpaena scrofa,,Scorpaenidae,,,"{""salt""}",,,,,,,,,,,,,https://upload.wikimedia.org/wikipedia/commons/thumb/8/81/Scorpaena_scrofa.jpg/120px-Scorpaena_scrofa.jpg,https://upload.wikimedia.org/wikipedia/commons/thumb/8/81/Scorpaena_scrofa.jpg/120px-Scorpaena_scrofa.jpg,Scorpaena scrofa,,2334574
Rascasse brune,Black Scorpionfish,Scorpaena porcus,,Scorpaenidae,,,"{""salt""}",,,,,,,,,,,,,https://upload.wikimedia.org/wikipedia/commons/thumb/8/85/Defaut.svg/120px-Defaut.svg.png,https://upload.wikimedia.org/wikipedia/commons/thumb/8/85/Defaut.svg/120px-Defaut.svg.png,Rascasse brune,,2334600
Rascasse pustuleuse,Red Scorpionfish,Scorpaena notata,,Scorpaenidae,,,"{""salt""}",,,,,,,,,,,,,https://upload.wikimedia.org/wikipedia/commons/thumb/8/85/Defaut.svg/120px-Defaut.svg.png,https://upload.wikimedia.org/wikipedia/commons/thumb/8/85/Defaut.svg/120px-Defaut.svg.png,"Petite rascasse rouge, Rascasse pustuleuse",,2334619
Sébaste chèvre,"Blackbelly rosefish, Blue-mouth",Helicolenus dactylopterus,,Sebastidae,,,"{""salt""}",,,,,,,,,,,,,https://upload.wikimedia.org/wikipedia/commons/thumb/8/85/Defaut.svg/120px-Defaut.svg.png,https://upload.wikimedia.org/wikipedia/commons/thumb/8/85/Defaut.svg/120px-Defaut.svg.png,Helicolenus dactylopterus,,4286361
Grondin gris,Grey Gurnard,Eutrigla gurnardus,,Triglidae,,,"{""salt""}",,,,,,,,,,,,,https://upload.wikimedia.org/wikipedia/commons/thumb/b/ba/Eutrigla_gurnardus1.jpg/120px-Eutrigla_gurnardus1.jpg,https://upload.wikimedia.org/wikipedia/commons/thumb/b/ba/Eutrigla_gurnardus1.jpg/120px-Eutrigla_gurnardus1.jpg,"Eutrigla gurnardus, communément appelé Grondin gris, est une espèce de poissons marins de la famille des Triglidae. C'est la seule espèce du genre Eutrigla (monotypique).",,2336597
Grondin strié,,Chelidonichthys lastovisa,,Triglidae,,,"{""salt""}",,,,,,,,,,,,,https://upload.wikimedia.org/wikipedia/commons/thumb/a/a0/Chelidonichthys_lastoviza2.jpg/120px-Chelidonichthys_lastoviza2.jpg,https://upload.wikimedia.org/wikipedia/commons/thumb/a/a0/Chelidonichthys_lastoviza2.jpg/120px-Chelidonichthys_lastoviza2.jpg,,,2336534
Grondin perlon,,Chelidonichthys lucernus,,Triglidae,,,"{""salt""}",,,,,,,,,,,,,https://upload.wikimedia.org/wikipedia/commons/thumb/8/85/Defaut.svg/120px-Defaut.svg.png,https://upload.wikimedia.org/wikipedia/commons/thumb/8/85/Defaut.svg/120px-Defaut.svg.png,"Grondin perlon, Gallinette, Trigle hirondelle, Tombe",,2336774
Grondin lyre,,Trigla lyra,,Triglidae,,,"{""salt""}",,,,,,,,,,,,,https://upload.wikimedia.org/wikipedia/commons/thumb/8/85/Defaut.svg/120px-Defaut.svg.png,https://upload.wikimedia.org/wikipedia/commons/thumb/8/85/Defaut.svg/120px-Defaut.svg.png,"Trigla lyra, le Grondin lyre, est une espèce de poissons marins de la famille des Triglidae. C'est la seule espèce du genre Trigla (monotypique).",,2336771
Grondin morrude,Long-finned gurnard,Chelidonichthys obscurus,,Triglidae,,,"{""salt""}",,,,,,,,,,,,,https://upload.wikimedia.org/wikipedia/commons/thumb/8/85/Defaut.svg/120px-Defaut.svg.png,https://upload.wikimedia.org/wikipedia/commons/thumb/8/85/Defaut.svg/120px-Defaut.svg.png,,,2336786
Grondin rouge,cuckoo gurnard,Aspitrigla cuculus,,Triglidae,,,"{""salt""}",,,,,,,,,,,,,https://upload.wikimedia.org/wikipedia/commons/thumb/8/85/Defaut.svg/120px-Defaut.svg.png,https://upload.wikimedia.org/wikipedia/commons/thumb/8/85/Defaut.svg/120px-Defaut.svg.png,"Le grondin rouge (Chelidonichthys cuculus) est une espèce de poissons marins appartenant à la famille des Triglidae. On lui connaît les noms vernaculaires suivants : grondin pin, gros cabot, rougeot anglais (mer du Nord), tombe, mouline (Manche), galinette, grondin rosemuloina (Atlantique), galinetta, caraman, granou (Méditerranée).",,2336743
Bécasse de mer,Bellowfish,Macroramphosus scolopax,,Centriscidae,,,"{""salt""}",,,,,,,,,,,,,https://upload.wikimedia.org/wikipedia/commons/thumb/4/45/Macroramphosus-scolopax1.jpg/120px-Macroramphosus-scolopax1.jpg,https://upload.wikimedia.org/wikipedia/commons/thumb/4/45/Macroramphosus-scolopax1.jpg/120px-Macroramphosus-scolopax1.jpg,Macroramphosus scolopax,,2333513
Syphonostome,Broad-nosed pipefish,Syngnathus typhle,,Syngnathidae,,,"{""salt""}",,,,,,,,,,,,,https://upload.wikimedia.org/wikipedia/commons/thumb/8/85/Defaut.svg/120px-Defaut.svg.png,https://upload.wikimedia.org/wikipedia/commons/thumb/8/85/Defaut.svg/120px-Defaut.svg.png,"Syngnathus typhle, souvent appelé siphonostome, syphonostome ou anguille vésarde, est une espèce de  poissons osseux de la famille des Syngnathidae.",,2332908
Syngnathe,Common Pipefish,Syngnathus acus,,Syngnathidae,,,"{""salt""}",,,,,,,,,,,,,https://upload.wikimedia.org/wikipedia/commons/thumb/8/85/Defaut.svg/120px-Defaut.svg.png,https://upload.wikimedia.org/wikipedia/commons/thumb/8/85/Defaut.svg/120px-Defaut.svg.png,"Syngnathus acus, le syngnathe aiguille, grand syngnathe ou vipère de mer, est un poisson de la famille des Syngnathidae.",,2332927
Nérophis,,Nerophis ophidion,,Syngnathidae,,,"{""salt""}",,,,,,,,,,,,,https://upload.wikimedia.org/wikipedia/commons/thumb/c/c1/W%C4%99%C5%BCynka.jpg/120px-W%C4%99%C5%BCynka.jpg,https://upload.wikimedia.org/wikipedia/commons/thumb/c/c1/W%C4%99%C5%BCynka.jpg/120px-W%C4%99%C5%BCynka.jpg,"Nerophis ophidion, le nérophis ophidion ou nérophis à nez droit, est une espèce de  poissons marins appartenant à la famille des Syngnathidae.",,2333329
Hippocampe à ramules,Long-snouted seahorse,Hippocampus guttulatus,,Syngnathidae,,,"{""salt""}",,,,,,,,,,,,,https://upload.wikimedia.org/wikipedia/commons/thumb/8/85/Defaut.svg/120px-Defaut.svg.png,https://upload.wikimedia.org/wikipedia/commons/thumb/8/85/Defaut.svg/120px-Defaut.svg.png,"Hippocampus guttulatus, communément nommé Hippocampe moucheté ou hippocampe à long bec, est une espèce de poisson osseux de petite taille appartenant à la famille des Syngnathidae, natif de l'Océan Atlantique oriental et de la Mer Méditerranée.",,5201064
Hippocampe à museau court,,Hippocampus hippocampus,,Syngnathidae,,,"{""salt""}",,,,,,,,,,,,,https://upload.wikimedia.org/wikipedia/commons/thumb/2/25/Hippocampus_hippocampus_%28on_Ascophyllum_nodosum%29.jpg/120px-Hippocampus_hippocampus_%28on_Ascophyllum_nodosum%29.jpg,https://upload.wikimedia.org/wikipedia/commons/thumb/2/25/Hippocampus_hippocampus_%28on_Ascophyllum_nodosum%29.jpg/120px-Hippocampus_hippocampus_%28on_Ascophyllum_nodosum%29.jpg,"Hippocampus hippocampus, l'Hippocampe à museau court ou Hippocampe commun, est une espèce de poissons de la famille des Syngnathidae et du genre Hippocampus.",,5201134
Baliste,Common Triggerfish,Balistes capriscus,,Balistidae,,,"{""salt""}",,,,,,,,,,,,,https://upload.wikimedia.org/wikipedia/commons/thumb/5/54/Balistes_capriscus2.jpg/120px-Balistes_capriscus2.jpg,https://upload.wikimedia.org/wikipedia/commons/thumb/5/54/Balistes_capriscus2.jpg/120px-Balistes_capriscus2.jpg,"Le baliste cabri (Balistes capriscus), aussi connu sous le nom de baliste commun, est une espèce de poissons de la famille des Balistidae vivant dans les eaux de la Méditerranée et de l'océan Atlantique. Il se nourrit de crustacés et de mollusques qu'il broie avec sa puissante mâchoire.",,2407107
"Môle, Poisson-lune",Common sunfish,Mola mola,,Molidae,,,"{""salt""}",,,,,,,,,,,,,https://upload.wikimedia.org/wikipedia/commons/thumb/f/f5/Mola-mola-Lisboa-20051020.jpg/120px-Mola-mola-Lisboa-20051020.jpg,https://upload.wikimedia.org/wikipedia/commons/thumb/f/f5/Mola-mola-Lisboa-20051020.jpg/120px-Mola-mola-Lisboa-20051020.jpg,Mola mola · Poisson-lune,,5213725
Torpille noire,Atlantic New British Torpedo,Torpedo nobiliana,,Torpedinidae,,,"{""salt""}",,,,,,,,,,,,,https://upload.wikimedia.org/wikipedia/commons/thumb/5/5c/Atlantic_torpedo_%28_Torpedo_nobiliana_%29.jpg/120px-Atlantic_torpedo_%28_Torpedo_nobiliana_%29.jpg,https://upload.wikimedia.org/wikipedia/commons/thumb/5/5c/Atlantic_torpedo_%28_Torpedo_nobiliana_%29.jpg/120px-Atlantic_torpedo_%28_Torpedo_nobiliana_%29.jpg,"La torpille noire, Torpedo nobiliana, est une espèce de raies électrique appartenant à la famille des Torpedinidae.Elle peut peser jusqu'à 90 kg et délivrer des chocs de 60 à 230 volts dépassant 30 ampères.",,5215510
Torpille marbrée,Common crampfish,Torpedo marmorata,,Torpedinidae,,,"{""salt""}",,,,,,,,,,,,,https://upload.wikimedia.org/wikipedia/commons/thumb/8/85/Defaut.svg/120px-Defaut.svg.png,https://upload.wikimedia.org/wikipedia/commons/thumb/8/85/Defaut.svg/120px-Defaut.svg.png,Torpedo marmorata,,5215518
Torpille ocellée,Common Torpedo Ray,Torpedo torpedo,,Torpedinidae,,,"{""salt""}",,,,,,,,,,,,,https://upload.wikimedia.org/wikipedia/commons/thumb/0/00/Torpedo_torpedo_corsica3.jpg/120px-Torpedo_torpedo_corsica3.jpg,https://upload.wikimedia.org/wikipedia/commons/thumb/0/00/Torpedo_torpedo_corsica3.jpg/120px-Torpedo_torpedo_corsica3.jpg,"La torpille ocellée (Torpedo torpedo) est une espèce de poissons marins de la famille des Torpedinidae. Cette famille est notamment célèbre pour la capacité de ses membres de produire des décharges électriques pour se défendre et pour chasser. Ces décharges sont produites grâce à des cellules spécialisées appelées des électrocytes (qui dérivent de cellules musculaires type myocytes). Ces décharges peuvent dépasser les 200 volts. Pour cette espèce, ces chiffres ne sont par contre pas atteints, elle reste dans une plage plus modeste inférieure à 100 volts.",,5215534
Sanglier,Boar fish,Capros aper,,Caproidae,,,"{""salt""}",,,,,,,,,,,,,https://upload.wikimedia.org/wikipedia/commons/thumb/8/85/Defaut.svg/120px-Defaut.svg.png,https://upload.wikimedia.org/wikipedia/commons/thumb/8/85/Defaut.svg/120px-Defaut.svg.png,,,2389708
Saint-pierre,Atlantic John Dory,Zeus faber,,Zeidae,,,"{""salt""}",,,,,,,,,,,,,https://upload.wikimedia.org/wikipedia/commons/thumb/d/df/Zeus.faber_2.jpg/120px-Zeus.faber_2.jpg,https://upload.wikimedia.org/wikipedia/commons/thumb/d/df/Zeus.faber_2.jpg/120px-Zeus.faber_2.jpg,"Saint-pierre, Dorée, Zée, Poule de mer",,7744449
